// AUTO-GENERATED by tools/make_bubblebobble_sprites.py — do not hand-edit.
// Character/enemy/bubble/food sprites are cropped from JulianRijken/BubbleBobble
// (GPL-3.0, see tools/bb_ref_assets/SOURCE.md), converted to RGB565. Platform/
// wall tiles are hand-drawn (validated against real NES screenshots). "Empty"
// background pixels are pre-baked to the shared BG color so a plain
// tft->drawRGBBitmap() blit reads as a transparent sprite.
#pragma once
#include <Arduino.h>

const int BB_SPR_BUB_WALK0_R_W = 48;
const int BB_SPR_BUB_WALK0_R_H = 32;
const uint16_t BB_SPR_BUB_WALK0_R[1536] PROGMEM = {
  0x0042, 0x0042, 0x0042, 0x0042, 0x0042, 0x0042, 0x0042, 0x0042, 0x0042, 0x0042, 0x0042, 0x0042,
  0x0042, 0x0042, 0x0042, 0x0042, 0xFC0E, 0xFC0E, 0x0042, 0x0042, 0x0042, 0x0042, 0x0042, 0x0042,
  0x0042, 0x0042, 0x0042, 0x0042, 0x0042, 0x0042, 0x0042, 0x0042, 0x0042, 0x0042, 0x0042, 0x0042,
  0x0042, 0x0042, 0x0042, 0x0042, 0x0042, 0x0042, 0x0042, 0x0042, 0x0042, 0x0042, 0x0042, 0x0042,
  0x0042, 0x0042, 0x0042, 0x0042, 0x0042, 0x0042, 0x0042, 0x0042, 0x0042, 0x0042, 0x0042, 0x0042,
  0x0042, 0x0042, 0x0042, 0x0042, 0xFC0E, 0xFC0E, 0x0042, 0x0042, 0x0042, 0x0042, 0x0042, 0x0042,
  0x0042, 0x0042, 0x0042, 0x0042, 0x0042, 0x0042, 0x0042, 0x0042, 0x0042, 0x0042, 0x0042, 0x0042,
  0x0042, 0x0042, 0x0042, 0x0042, 0x0042, 0x0042, 0x0042, 0x0042, 0x0042, 0x0042, 0x0042, 0x0042,
  0x0042, 0x0042, 0x0042, 0x0042, 0x0042, 0x0042, 0x0042, 0x0042, 0x0042, 0x0042, 0x0042, 0x0042,
  0x0042, 0x0042, 0xFC0E, 0xFC0E, 0xFC0E, 0xFC0E, 0xFC0E, 0xFC0E, 0x0042, 0x0042, 0x0042, 0x0042,
  0x0042, 0x0042, 0x0042, 0x0042, 0x0042, 0x0042, 0x0042, 0x0042, 0x0042, 0x0042, 0x0042, 0x0042,
  0x0042, 0x0042, 0x0042, 0x0042, 0x0042, 0x0042, 0x0042, 0x0042, 0x0042, 0x0042, 0xFC0E, 0xFC0E,
  0x0042, 0x0042, 0x0042, 0x0042, 0x0042, 0x0042, 0x0042, 0x0042, 0x0042, 0x0042, 0x0042, 0x0042,
  0x0042, 0x0042, 0xFC0E, 0xFC0E, 0xFC0E, 0xFC0E, 0xFC0E, 0xFC0E, 0x0042, 0x0042, 0x0042, 0x0042,
  0x0042, 0x0042, 0x0042, 0x0042, 0x0042, 0x0042, 0x0042, 0x0042, 0x0042, 0x0042, 0x0042, 0x0042,
  0x0042, 0x0042, 0x0042, 0x0042, 0x0042, 0x0042, 0x0042, 0x0042, 0x0042, 0x0042, 0xFC0E, 0xFC0E,
  0x0042, 0x0042, 0x0042, 0x0042, 0x0042, 0x0042, 0xFC0E, 0xFC0E, 0xFC0E, 0xFC0E, 0xFC0E, 0xFC0E,
  0xFC0E, 0xFC0E, 0x5F26, 0x5F26, 0x5F26, 0x5F26, 0x5F26, 0x5F26, 0x5F26, 0x5F26, 0x5F26, 0x5F26,
  0x0042, 0x0042, 0x0042, 0x0042, 0x0042, 0x0042, 0x0042, 0x0042, 0x0042, 0x0042, 0x0042, 0x0042,
  0x0042, 0x0042, 0xFC0E, 0xFC0E, 0xFC0E, 0xFC0E, 0xFC0E, 0xFC0E, 0xFC0E, 0xFC0E, 0x5F26, 0x5F26,
  0x0042, 0x0042, 0x0042, 0x0042, 0x0042, 0x0042, 0xFC0E, 0xFC0E, 0xFC0E, 0xFC0E, 0xFC0E, 0xFC0E,
  0xFC0E, 0xFC0E, 0x5F26, 0x5F26, 0x5F26, 0x5F26, 0x5F26, 0x5F26, 0x5F26, 0x5F26, 0x5F26, 0x5F26,
  0x0042, 0x0042, 0x0042, 0x0042, 0x0042, 0x0042, 0x0042, 0x0042, 0x0042, 0x0042, 0x0042, 0x0042,
  0x0042, 0x0042, 0xFC0E, 0xFC0E, 0xFC0E, 0xFC0E, 0xFC0E, 0xFC0E, 0xFC0E, 0xFC0E, 0x5F26, 0x5F26,
  0x0042, 0x0042, 0x0042, 0x0042, 0x0042, 0x0042, 0x0042, 0x0042, 0xFC0E, 0xFC0E, 0xFC0E, 0xFC0E,
  0x5F26, 0x5F26, 0x5F26, 0x5F26, 0x5F26, 0x5F26, 0x5F26, 0x5F26, 0x5F26, 0x5F26, 0x5F26, 0x5F26,
  0x5F26, 0x5F26, 0x0042, 0x0042, 0x0042, 0x0042, 0x0042, 0x0042, 0x0042, 0x0042, 0x0042, 0x0042,
  0x0042, 0x0042, 0x0042, 0x0042, 0xFC0E, 0xFC0E, 0xFC0E, 0xFC0E, 0x5F26, 0x5F26, 0x5F26, 0x5F26,
  0x0042, 0x0042, 0x0042, 0x0042, 0x0042, 0x0042, 0x0042, 0x0042, 0xFC0E, 0xFC0E, 0xFC0E, 0xFC0E,
  0x5F26, 0x5F26, 0x5F26, 0x5F26, 0x5F26, 0x5F26, 0x5F26, 0x5F26, 0x5F26, 0x5F26, 0x5F26, 0x5F26,
  0x5F26, 0x5F26, 0x0042, 0x0042, 0x0042, 0x0042, 0x0042, 0x0042, 0x0042, 0x0042, 0x0042, 0x0042,
  0x0042, 0x0042, 0x0042, 0x0042, 0xFC0E, 0xFC0E, 0xFC0E, 0xFC0E, 0x5F26, 0x5F26, 0x5F26, 0x5F26,
  0x0042, 0x0042, 0x0042, 0x0042, 0x0042, 0x0042, 0x0042, 0x0042, 0x0042, 0x0042, 0x5F26, 0x5F26,
  0x5F26, 0x5F26, 0x5F26, 0x5F26, 0x5F26, 0x5F26, 0xFFFF, 0xFFFF, 0xFFFF, 0xFFFF, 0x5F26, 0x5F26,
  0xFFFF, 0xFFFF, 0x5F26, 0x5F26, 0x0042, 0x0042, 0x0042, 0x0042, 0x0042, 0x0042, 0x0042, 0x0042,
  0x0042, 0x0042, 0x0042, 0x0042, 0x0042, 0x0042, 0x5F26, 0x5F26, 0x5F26, 0x5F26, 0x5F26, 0x5F26,
  0x0042, 0x0042, 0x0042, 0x0042, 0x0042, 0x0042, 0x0042, 0x0042, 0x0042, 0x0042, 0x5F26, 0x5F26,
  0x5F26, 0x5F26, 0x5F26, 0x5F26, 0x5F26, 0x5F26, 0xFFFF, 0xFFFF, 0xFFFF, 0xFFFF, 0x5F26, 0x5F26,
  0xFFFF, 0xFFFF, 0x5F26, 0x5F26, 0x0042, 0x0042, 0x0042, 0x0042, 0x0042, 0x0042, 0x0042, 0x0042,
  0x0042, 0x0042, 0x0042, 0x0042, 0x0042, 0x0042, 0x5F26, 0x5F26, 0x5F26, 0x5F26, 0x5F26, 0x5F26,
  0x0042, 0x0042, 0x0042, 0x0042, 0xFC0E, 0xFC0E, 0xFC0E, 0xFC0E, 0xFC0E, 0xFC0E, 0x5F26, 0x5F26,
  0x5F26, 0x5F26, 0x5F26, 0x5F26, 0xFFFF, 0xFFFF, 0xFFFF, 0xFFFF, 0x0000, 0x0000, 0x5F26, 0x5F26,
  0x0000, 0x0000, 0xFFFF, 0xFFFF, 0x0042, 0x0042, 0x0042, 0x0042, 0x0042, 0x0042, 0x0042, 0x0042,
  0xFC0E, 0xFC0E, 0xFC0E, 0xFC0E, 0xFC0E, 0xFC0E, 0x5F26, 0x5F26, 0x5F26, 0x5F26, 0x5F26, 0x5F26,
  0x0042, 0x0042, 0x0042, 0x0042, 0xFC0E, 0xFC0E, 0xFC0E, 0xFC0E, 0xFC0E, 0xFC0E, 0x5F26, 0x5F26,
  0x5F26, 0x5F26, 0x5F26, 0x5F26, 0xFFFF, 0xFFFF, 0xFFFF, 0xFFFF, 0x0000, 0x0000, 0x5F26, 0x5F26,
  0x0000, 0x0000, 0xFFFF, 0xFFFF, 0x0042, 0x0042, 0x0042, 0x0042, 0x0042, 0x0042, 0x0042, 0x0042,
  0xFC0E, 0xFC0E, 0xFC0E, 0xFC0E, 0xFC0E, 0xFC0E, 0x5F26, 0x5F26, 0x5F26, 0x5F26, 0x5F26, 0x5F26,
  0x0042, 0x0042, 0x0042, 0x0042, 0x0042, 0x0042, 0xFC0E, 0xFC0E, 0x5F26, 0x5F26, 0x5F26, 0x5F26,
  0x5F26, 0x5F26, 0x5F26, 0x5F26, 0xFFFF, 0xFFFF, 0xFFFF, 0xFFFF, 0x0000, 0x0000, 0x5F26, 0x5F26,
  0x0000, 0x0000, 0xFFFF, 0xFFFF, 0x0042, 0x0042, 0x0042, 0x0042, 0x0042, 0x0042, 0x0042, 0x0042,
  0x0042, 0x0042, 0xFC0E, 0xFC0E, 0x5F26, 0x5F26, 0x5F26, 0x5F26, 0x5F26, 0x5F26, 0x5F26, 0x5F26,
  0x0042, 0x0042, 0x0042, 0x0042, 0x0042, 0x0042, 0xFC0E, 0xFC0E, 0x5F26, 0x5F26, 0x5F26, 0x5F26,
  0x5F26, 0x5F26, 0x5F26, 0x5F26, 0xFFFF, 0xFFFF, 0xFFFF, 0xFFFF, 0x0000, 0x0000, 0x5F26, 0x5F26,
  0x0000, 0x0000, 0xFFFF, 0xFFFF, 0x0042, 0x0042, 0x0042, 0x0042, 0x0042, 0x0042, 0x0042, 0x0042,
  0x0042, 0x0042, 0xFC0E, 0xFC0E, 0x5F26, 0x5F26, 0x5F26, 0x5F26, 0x5F26, 0x5F26, 0x5F26, 0x5F26,
  0x0042, 0x0042, 0x0042, 0x0042, 0x0042, 0x0042, 0x0042, 0x0042, 0x5F26, 0x5F26, 0x5F26, 0x5F26,
  0x5F26, 0x5F26, 0x5F26, 0x5F26, 0xFFFF, 0xFFFF, 0xFFFF, 0xFFFF, 0x0000, 0x0000, 0x5F26, 0x5F26,
  0x0000, 0x0000, 0xFFFF, 0xFFFF, 0x5F26, 0x5F26, 0x0042, 0x0042, 0x0042, 0x0042, 0x0042, 0x0042,
  0x0042, 0x0042, 0x0042, 0x0042, 0x5F26, 0x5F26, 0x5F26, 0x5F26, 0x5F26, 0x5F26, 0x5F26, 0x5F26,
  0x0042, 0x0042, 0x0042, 0x0042, 0x0042, 0x0042, 0x0042, 0x0042, 0x5F26, 0x5F26, 0x5F26, 0x5F26,
  0x5F26, 0x5F26, 0x5F26, 0x5F26, 0xFFFF, 0xFFFF, 0xFFFF, 0xFFFF, 0x0000, 0x0000, 0x5F26, 0x5F26,
  0x0000, 0x0000, 0xFFFF, 0xFFFF, 0x5F26, 0x5F26, 0x0042, 0x0042, 0x0042, 0x0042, 0x0042, 0x0042,
  0x0042, 0x0042, 0x0042, 0x0042, 0x5F26, 0x5F26, 0x5F26, 0x5F26, 0x5F26, 0x5F26, 0x5F26, 0x5F26,
  0x0042, 0x0042, 0x0042, 0x0042, 0xFC0E, 0xFC0E, 0xFC0E, 0xFC0E, 0x5F26, 0x5F26, 0x5F26, 0x5F26,
  0x5F26, 0x5F26, 0x5F26, 0x5F26, 0xFFFF, 0xFFFF, 0xFFFF, 0xFFFF, 0x0000, 0x0000, 0x5F26, 0x5F26,
  0x0000, 0x0000, 0xFFFF, 0xFFFF, 0x5F26, 0x5F26, 0x0042, 0x0042, 0x0042, 0x0042, 0x0042, 0x0042,
  0xFC0E, 0xFC0E, 0xFC0E, 0xFC0E, 0x5F26, 0x5F26, 0x5F26, 0x5F26, 0x5F26, 0x5F26, 0x5F26, 0x5F26,
  0x0042, 0x0042, 0x0042, 0x0042, 0xFC0E, 0xFC0E, 0xFC0E, 0xFC0E, 0x5F26, 0x5F26, 0x5F26, 0x5F26,
  0x5F26, 0x5F26, 0x5F26, 0x5F26, 0xFFFF, 0xFFFF, 0xFFFF, 0xFFFF, 0x0000, 0x0000, 0x5F26, 0x5F26,
  0x0000, 0x0000, 0xFFFF, 0xFFFF, 0x5F26, 0x5F26, 0x0042, 0x0042, 0x0042, 0x0042, 0x0042, 0x0042,
  0xFC0E, 0xFC0E, 0xFC0E, 0xFC0E, 0x5F26, 0x5F26, 0x5F26, 0x5F26, 0x5F26, 0x5F26, 0x5F26, 0x5F26,
  0x0042, 0x0042, 0x0042, 0x0042, 0x0042, 0x0042, 0xFC0E, 0xFC0E, 0x5F26, 0x5F26, 0x5F26, 0x5F26,
  0x5F26, 0x5F26, 0x5F26, 0x5F26, 0x5F26, 0x5F26, 0xFFFF, 0xFFFF, 0xFFFF, 0xFFFF, 0x5F26, 0x5F26,
  0xFFFF, 0xFFFF, 0x5F26, 0x5F26, 0x5F26, 0x5F26, 0x0042, 0x0042, 0x0042, 0x0042, 0x0042, 0x0042,
  0x0042, 0x0042, 0xFC0E, 0xFC0E, 0x5F26, 0x5F26, 0x5F26, 0x5F26, 0x5F26, 0x5F26, 0x5F26, 0x5F26,
  0x0042, 0x0042, 0x0042, 0x0042, 0x0042, 0x0042, 0xFC0E, 0xFC0E, 0x5F26, 0x5F26, 0x5F26, 0x5F26,
  0x5F26, 0x5F26, 0x5F26, 0x5F26, 0x5F26, 0x5F26, 0xFFFF, 0xFFFF, 0xFFFF, 0xFFFF, 0x5F26, 0x5F26,
  0xFFFF, 0xFFFF, 0x5F26, 0x5F26, 0x5F26, 0x5F26, 0x0042, 0x0042, 0x0042, 0x0042, 0x0042, 0x0042,
  0x0042, 0x0042, 0xFC0E, 0xFC0E, 0x5F26, 0x5F26, 0x5F26, 0x5F26, 0x5F26, 0x5F26, 0x5F26, 0x5F26,
  0x0042, 0x0042, 0x0042, 0x0042, 0x0042, 0x0042, 0x0042, 0x0042, 0x5F26, 0x5F26, 0xFC0E, 0xFC0E,
  0x5F26, 0x5F26, 0x5F26, 0x5F26, 0x0000, 0x0000, 0x0000, 0x0000, 0x0000, 0x0000, 0xFFFF, 0xFFFF,
  0x0000, 0x0000, 0x0000, 0x0000, 0x0042, 0x0042, 0x0042, 0x0042, 0x0042, 0x0042, 0x0042, 0x0042,
  0x0042, 0x0042, 0x0042, 0x0042, 0x5F26, 0x5F26, 0xFC0E, 0xFC0E, 0x5F26, 0x5F26, 0x5F26, 0x5F26,
  0x0042, 0x0042, 0x0042, 0x0042, 0x0042, 0x0042, 0x0042, 0x0042, 0x5F26, 0x5F26, 0xFC0E, 0xFC0E,
  0x5F26, 0x5F26, 0x5F26, 0x5F26, 0x0000, 0x0000, 0x0000, 0x0000, 0x0000, 0x0000, 0xFFFF, 0xFFFF,
  0x0000, 0x0000, 0x0000, 0x0000, 0x0042, 0x0042, 0x0042, 0x0042, 0x0042, 0x0042, 0x0042, 0x0042,
  0x0042, 0x0042, 0x0042, 0x0042, 0x5F26, 0x5F26, 0xFC0E, 0xFC0E, 0x5F26, 0x5F26, 0x5F26, 0x5F26,
  0x0042, 0x0042, 0x0042, 0x0042, 0x0042, 0x0042, 0x5F26, 0x5F26, 0xFC0E, 0xFC0E, 0xFC0E, 0xFC0E,
  0xFC0E, 0xFC0E, 0x5F26, 0x5F26, 0x5F26, 0x5F26, 0x5F26, 0x5F26, 0x5F26, 0x5F26, 0x5F26, 0x5F26,
  0x5F26, 0x5F26, 0x5F26, 0x5F26, 0x0042, 0x0042, 0x0042, 0x0042, 0x0042, 0x0042, 0x0042, 0x0042,
  0x0042, 0x0042, 0x5F26, 0x5F26, 0xFC0E, 0xFC0E, 0xFC0E, 0xFC0E, 0xFC0E, 0xFC0E, 0x5F26, 0x5F26,
  0x0042, 0x0042, 0x0042, 0x0042, 0x0042, 0x0042, 0x5F26, 0x5F26, 0xFC0E, 0xFC0E, 0xFC0E, 0xFC0E,
  0xFC0E, 0xFC0E, 0x5F26, 0x5F26, 0x5F26, 0x5F26, 0x5F26, 0x5F26, 0x5F26, 0x5F26, 0x5F26, 0x5F26,
  0x5F26, 0x5F26, 0x5F26, 0x5F26, 0x0042, 0x0042, 0x0042, 0x0042, 0x0042, 0x0042, 0x0042, 0x0042,
  0x0042, 0x0042, 0x5F26, 0x5F26, 0xFC0E, 0xFC0E, 0xFC0E, 0xFC0E, 0xFC0E, 0xFC0E, 0x5F26, 0x5F26,
  0x0042, 0x0042, 0x0042, 0x0042, 0x0042, 0x0042, 0x5F26, 0x5F26, 0xFC0E, 0xFC0E, 0xFC0E, 0xFC0E,
  0xFC0E, 0xFC0E, 0x5F26, 0x5F26, 0x5F26, 0x5F26, 0xFFFF, 0xFFFF, 0xFFFF, 0xFFFF, 0xFFFF, 0xFFFF,
  0xFFFF, 0xFFFF, 0x0042, 0x0042, 0x0042, 0x0042, 0x0042, 0x0042, 0x5F26, 0x5F26, 0x0042, 0x0042,
  0x0042, 0x0042, 0x5F26, 0x5F26, 0xFC0E, 0xFC0E, 0xFC0E, 0xFC0E, 0xFC0E, 0xFC0E, 0x5F26, 0x5F26,
  0x0042, 0x0042, 0x0042, 0x0042, 0x0042, 0x0042, 0x5F26, 0x5F26, 0xFC0E, 0xFC0E, 0xFC0E, 0xFC0E,
  0xFC0E, 0xFC0E, 0x5F26, 0x5F26, 0x5F26, 0x5F26, 0xFFFF, 0xFFFF, 0xFFFF, 0xFFFF, 0xFFFF, 0xFFFF,
  0xFFFF, 0xFFFF, 0x0042, 0x0042, 0x0042, 0x0042, 0x0042, 0x0042, 0x5F26, 0x5F26, 0x0042, 0x0042,
  0x0042, 0x0042, 0x5F26, 0x5F26, 0xFC0E, 0xFC0E, 0xFC0E, 0xFC0E, 0xFC0E, 0xFC0E, 0x5F26, 0x5F26,
  0x0042, 0x0042, 0x0042, 0x0042, 0xFC0E, 0xFC0E, 0x5F26, 0x5F26, 0xFC0E, 0xFC0E, 0xFC0E, 0xFC0E,
  0x5F26, 0x5F26, 0x5F26, 0x5F26, 0xFFFF, 0xFFFF, 0xFFFF, 0xFFFF, 0xFFFF, 0xFFFF, 0xFFFF, 0xFFFF,
  0xFFFF, 0xFFFF, 0xFFFF, 0xFFFF, 0x0042, 0x0042, 0x0042, 0x0042, 0x5F26, 0x5F26, 0xFC0E, 0xFC0E,
  0xFC0E, 0xFC0E, 0x5F26, 0x5F26, 0xFC0E, 0xFC0E, 0xFC0E, 0xFC0E, 0x5F26, 0x5F26, 0x5F26, 0x5F26,
  0x0042, 0x0042, 0x0042, 0x0042, 0xFC0E, 0xFC0E, 0x5F26, 0x5F26, 0xFC0E, 0xFC0E, 0xFC0E, 0xFC0E,
  0x5F26, 0x5F26, 0x5F26, 0x5F26, 0xFFFF, 0xFFFF, 0xFFFF, 0xFFFF, 0xFFFF, 0xFFFF, 0xFFFF, 0xFFFF,
  0xFFFF, 0xFFFF, 0xFFFF, 0xFFFF, 0x0042, 0x0042, 0x0042, 0x0042, 0x5F26, 0x5F26, 0xFC0E, 0xFC0E,
  0xFC0E, 0xFC0E, 0x5F26, 0x5F26, 0xFC0E, 0xFC0E, 0xFC0E, 0xFC0E, 0x5F26, 0x5F26, 0x5F26, 0x5F26,
  0x0042, 0x0042, 0xFC0E, 0xFC0E, 0x5F26, 0x5F26, 0x5F26, 0x5F26, 0x5F26, 0x5F26, 0x5F26, 0x5F26,
  0x5F26, 0x5F26, 0xFC0E, 0xFC0E, 0xFC0E, 0xFC0E, 0xFFFF, 0xFFFF, 0xFFFF, 0xFFFF, 0xFFFF, 0xFFFF,
  0xFFFF, 0xFFFF, 0xFFFF, 0xFFFF, 0x0042, 0x0042, 0x0042, 0x0042, 0x0042, 0x0042, 0x5F26, 0x5F26,
  0x5F26, 0x5F26, 0x5F26, 0x5F26, 0x5F26, 0x5F26, 0x5F26, 0x5F26, 0x5F26, 0x5F26, 0xFC0E, 0xFC0E,
  0x0042, 0x0042, 0xFC0E, 0xFC0E, 0x5F26, 0x5F26, 0x5F26, 0x5F26, 0x5F26, 0x5F26, 0x5F26, 0x5F26,
  0x5F26, 0x5F26, 0xFC0E, 0xFC0E, 0xFC0E, 0xFC0E, 0xFFFF, 0xFFFF, 0xFFFF, 0xFFFF, 0xFFFF, 0xFFFF,
  0xFFFF, 0xFFFF, 0xFFFF, 0xFFFF, 0x0042, 0x0042, 0x0042, 0x0042, 0x0042, 0x0042, 0x5F26, 0x5F26,
  0x5F26, 0x5F26, 0x5F26, 0x5F26, 0x5F26, 0x5F26, 0x5F26, 0x5F26, 0x5F26, 0x5F26, 0xFC0E, 0xFC0E,
  0x5F26, 0x5F26, 0x5F26, 0x5F26, 0x5F26, 0x5F26, 0x5F26, 0x5F26, 0x5F26, 0x5F26, 0x5F26, 0x5F26,
  0xFC0E, 0xFC0E, 0xFC0E, 0xFC0E, 0xFC0E, 0xFC0E, 0xFC0E, 0xFC0E, 0xFFFF, 0xFFFF, 0xFFFF, 0xFFFF,
  0xFFFF, 0xFFFF, 0xFC0E, 0xFC0E, 0xFC0E, 0xFC0E, 0xFC0E, 0xFC0E, 0x0042, 0x0042, 0x0042, 0x0042,
  0x5F26, 0x5F26, 0x5F26, 0x5F26, 0x5F26, 0x5F26, 0x5F26, 0x5F26, 0xFC0E, 0xFC0E, 0xFC0E, 0xFC0E,
  0x5F26, 0x5F26, 0x5F26, 0x5F26, 0x5F26, 0x5F26, 0x5F26, 0x5F26, 0x5F26, 0x5F26, 0x5F26, 0x5F26,
  0xFC0E, 0xFC0E, 0xFC0E, 0xFC0E, 0xFC0E, 0xFC0E, 0xFC0E, 0xFC0E, 0xFFFF, 0xFFFF, 0xFFFF, 0xFFFF,
  0xFFFF, 0xFFFF, 0xFC0E, 0xFC0E, 0xFC0E, 0xFC0E, 0xFC0E, 0xFC0E, 0x0042, 0x0042, 0x0042, 0x0042,
  0x5F26, 0x5F26, 0x5F26, 0x5F26, 0x5F26, 0x5F26, 0x5F26, 0x5F26, 0xFC0E, 0xFC0E, 0xFC0E, 0xFC0E,
};

const int BB_SPR_BUB_WALK0_L_W = 48;
const int BB_SPR_BUB_WALK0_L_H = 32;
const uint16_t BB_SPR_BUB_WALK0_L[1536] PROGMEM = {
  0x0042, 0x0042, 0x0042, 0x0042, 0x0042, 0x0042, 0x0042, 0x0042, 0x0042, 0x0042, 0x0042, 0x0042,
  0x0042, 0x0042, 0x0042, 0x0042, 0x0042, 0x0042, 0x0042, 0x0042, 0x0042, 0x0042, 0x0042, 0x0042,
  0x0042, 0x0042, 0x0042, 0x0042, 0x0042, 0x0042, 0xFC0E, 0xFC0E, 0x0042, 0x0042, 0x0042, 0x0042,
  0x0042, 0x0042, 0x0042, 0x0042, 0x0042, 0x0042, 0x0042, 0x0042, 0x0042, 0x0042, 0x0042, 0x0042,
  0x0042, 0x0042, 0x0042, 0x0042, 0x0042, 0x0042, 0x0042, 0x0042, 0x0042, 0x0042, 0x0042, 0x0042,
  0x0042, 0x0042, 0x0042, 0x0042, 0x0042, 0x0042, 0x0042, 0x0042, 0x0042, 0x0042, 0x0042, 0x0042,
  0x0042, 0x0042, 0x0042, 0x0042, 0x0042, 0x0042, 0xFC0E, 0xFC0E, 0x0042, 0x0042, 0x0042, 0x0042,
  0x0042, 0x0042, 0x0042, 0x0042, 0x0042, 0x0042, 0x0042, 0x0042, 0x0042, 0x0042, 0x0042, 0x0042,
  0xFC0E, 0xFC0E, 0x0042, 0x0042, 0x0042, 0x0042, 0x0042, 0x0042, 0x0042, 0x0042, 0x0042, 0x0042,
  0x0042, 0x0042, 0x0042, 0x0042, 0x0042, 0x0042, 0x0042, 0x0042, 0x0042, 0x0042, 0x0042, 0x0042,
  0x0042, 0x0042, 0x0042, 0x0042, 0xFC0E, 0xFC0E, 0xFC0E, 0xFC0E, 0xFC0E, 0xFC0E, 0x0042, 0x0042,
  0x0042, 0x0042, 0x0042, 0x0042, 0x0042, 0x0042, 0x0042, 0x0042, 0x0042, 0x0042, 0x0042, 0x0042,
  0xFC0E, 0xFC0E, 0x0042, 0x0042, 0x0042, 0x0042, 0x0042, 0x0042, 0x0042, 0x0042, 0x0042, 0x0042,
  0x0042, 0x0042, 0x0042, 0x0042, 0x0042, 0x0042, 0x0042, 0x0042, 0x0042, 0x0042, 0x0042, 0x0042,
  0x0042, 0x0042, 0x0042, 0x0042, 0xFC0E, 0xFC0E, 0xFC0E, 0xFC0E, 0xFC0E, 0xFC0E, 0x0042, 0x0042,
  0x0042, 0x0042, 0x0042, 0x0042, 0x0042, 0x0042, 0x0042, 0x0042, 0x0042, 0x0042, 0x0042, 0x0042,
  0x5F26, 0x5F26, 0xFC0E, 0xFC0E, 0xFC0E, 0xFC0E, 0xFC0E, 0xFC0E, 0xFC0E, 0xFC0E, 0x0042, 0x0042,
  0x0042, 0x0042, 0x0042, 0x0042, 0x0042, 0x0042, 0x0042, 0x0042, 0x0042, 0x0042, 0x0042, 0x0042,
  0x5F26, 0x5F26, 0x5F26, 0x5F26, 0x5F26, 0x5F26, 0x5F26, 0x5F26, 0x5F26, 0x5F26, 0xFC0E, 0xFC0E,
  0xFC0E, 0xFC0E, 0xFC0E, 0xFC0E, 0xFC0E, 0xFC0E, 0x0042, 0x0042, 0x0042, 0x0042, 0x0042, 0x0042,
  0x5F26, 0x5F26, 0xFC0E, 0xFC0E, 0xFC0E, 0xFC0E, 0xFC0E, 0xFC0E, 0xFC0E, 0xFC0E, 0x0042, 0x0042,
  0x0042, 0x0042, 0x0042, 0x0042, 0x0042, 0x0042, 0x0042, 0x0042, 0x0042, 0x0042, 0x0042, 0x0042,
  0x5F26, 0x5F26, 0x5F26, 0x5F26, 0x5F26, 0x5F26, 0x5F26, 0x5F26, 0x5F26, 0x5F26, 0xFC0E, 0xFC0E,
  0xFC0E, 0xFC0E, 0xFC0E, 0xFC0E, 0xFC0E, 0xFC0E, 0x0042, 0x0042, 0x0042, 0x0042, 0x0042, 0x0042,
  0x5F26, 0x5F26, 0x5F26, 0x5F26, 0xFC0E, 0xFC0E, 0xFC0E, 0xFC0E, 0x0042, 0x0042, 0x0042, 0x0042,
  0x0042, 0x0042, 0x0042, 0x0042, 0x0042, 0x0042, 0x0042, 0x0042, 0x0042, 0x0042, 0x5F26, 0x5F26,
  0x5F26, 0x5F26, 0x5F26, 0x5F26, 0x5F26, 0x5F26, 0x5F26, 0x5F26, 0x5F26, 0x5F26, 0x5F26, 0x5F26,
  0xFC0E, 0xFC0E, 0xFC0E, 0xFC0E, 0x0042, 0x0042, 0x0042, 0x0042, 0x0042, 0x0042, 0x0042, 0x0042,
  0x5F26, 0x5F26, 0x5F26, 0x5F26, 0xFC0E, 0xFC0E, 0xFC0E, 0xFC0E, 0x0042, 0x0042, 0x0042, 0x0042,
  0x0042, 0x0042, 0x0042, 0x0042, 0x0042, 0x0042, 0x0042, 0x0042, 0x0042, 0x0042, 0x5F26, 0x5F26,
  0x5F26, 0x5F26, 0x5F26, 0x5F26, 0x5F26, 0x5F26, 0x5F26, 0x5F26, 0x5F26, 0x5F26, 0x5F26, 0x5F26,
  0xFC0E, 0xFC0E, 0xFC0E, 0xFC0E, 0x0042, 0x0042, 0x0042, 0x0042, 0x0042, 0x0042, 0x0042, 0x0042,
  0x5F26, 0x5F26, 0x5F26, 0x5F26, 0x5F26, 0x5F26, 0x0042, 0x0042, 0x0042, 0x0042, 0x0042, 0x0042,
  0x0042, 0x0042, 0x0042, 0x0042, 0x0042, 0x0042, 0x0042, 0x0042, 0x5F26, 0x5F26, 0xFFFF, 0xFFFF,
  0x5F26, 0x5F26, 0xFFFF, 0xFFFF, 0xFFFF, 0xFFFF, 0x5F26, 0x5F26, 0x5F26, 0x5F26, 0x5F26, 0x5F26,
  0x5F26, 0x5F26, 0x0042, 0x0042, 0x0042, 0x0042, 0x0042, 0x0042, 0x0042, 0x0042, 0x0042, 0x0042,
  0x5F26, 0x5F26, 0x5F26, 0x5F26, 0x5F26, 0x5F26, 0x0042, 0x0042, 0x0042, 0x0042, 0x0042, 0x0042,
  0x0042, 0x0042, 0x0042, 0x0042, 0x0042, 0x0042, 0x0042, 0x0042, 0x5F26, 0x5F26, 0xFFFF, 0xFFFF,
  0x5F26, 0x5F26, 0xFFFF, 0xFFFF, 0xFFFF, 0xFFFF, 0x5F26, 0x5F26, 0x5F26, 0x5F26, 0x5F26, 0x5F26,
  0x5F26, 0x5F26, 0x0042, 0x0042, 0x0042, 0x0042, 0x0042, 0x0042, 0x0042, 0x0042, 0x0042, 0x0042,
  0x5F26, 0x5F26, 0x5F26, 0x5F26, 0x5F26, 0x5F26, 0xFC0E, 0xFC0E, 0xFC0E, 0xFC0E, 0xFC0E, 0xFC0E,
  0x0042, 0x0042, 0x0042, 0x0042, 0x0042, 0x0042, 0x0042, 0x0042, 0xFFFF, 0xFFFF, 0x0000, 0x0000,
  0x5F26, 0x5F26, 0x0000, 0x0000, 0xFFFF, 0xFFFF, 0xFFFF, 0xFFFF, 0x5F26, 0x5F26, 0x5F26, 0x5F26,
  0x5F26, 0x5F26, 0xFC0E, 0xFC0E, 0xFC0E, 0xFC0E, 0xFC0E, 0xFC0E, 0x0042, 0x0042, 0x0042, 0x0042,
  0x5F26, 0x5F26, 0x5F26, 0x5F26, 0x5F26, 0x5F26, 0xFC0E, 0xFC0E, 0xFC0E, 0xFC0E, 0xFC0E, 0xFC0E,
  0x0042, 0x0042, 0x0042, 0x0042, 0x0042, 0x0042, 0x0042, 0x0042, 0xFFFF, 0xFFFF, 0x0000, 0x0000,
  0x5F26, 0x5F26, 0x0000, 0x0000, 0xFFFF, 0xFFFF, 0xFFFF, 0xFFFF, 0x5F26, 0x5F26, 0x5F26, 0x5F26,
  0x5F26, 0x5F26, 0xFC0E, 0xFC0E, 0xFC0E, 0xFC0E, 0xFC0E, 0xFC0E, 0x0042, 0x0042, 0x0042, 0x0042,
  0x5F26, 0x5F26, 0x5F26, 0x5F26, 0x5F26, 0x5F26, 0x5F26, 0x5F26, 0xFC0E, 0xFC0E, 0x0042, 0x0042,
  0x0042, 0x0042, 0x0042, 0x0042, 0x0042, 0x0042, 0x0042, 0x0042, 0xFFFF, 0xFFFF, 0x0000, 0x0000,
  0x5F26, 0x5F26, 0x0000, 0x0000, 0xFFFF, 0xFFFF, 0xFFFF, 0xFFFF, 0x5F26, 0x5F26, 0x5F26, 0x5F26,
  0x5F26, 0x5F26, 0x5F26, 0x5F26, 0xFC0E, 0xFC0E, 0x0042, 0x0042, 0x0042, 0x0042, 0x0042, 0x0042,
  0x5F26, 0x5F26, 0x5F26, 0x5F26, 0x5F26, 0x5F26, 0x5F26, 0x5F26, 0xFC0E, 0xFC0E, 0x0042, 0x0042,
  0x0042, 0x0042, 0x0042, 0x0042, 0x0042, 0x0042, 0x0042, 0x0042, 0xFFFF, 0xFFFF, 0x0000, 0x0000,
  0x5F26, 0x5F26, 0x0000, 0x0000, 0xFFFF, 0xFFFF, 0xFFFF, 0xFFFF, 0x5F26, 0x5F26, 0x5F26, 0x5F26,
  0x5F26, 0x5F26, 0x5F26, 0x5F26, 0xFC0E, 0xFC0E, 0x0042, 0x0042, 0x0042, 0x0042, 0x0042, 0x0042,
  0x5F26, 0x5F26, 0x5F26, 0x5F26, 0x5F26, 0x5F26, 0x5F26, 0x5F26, 0x0042, 0x0042, 0x0042, 0x0042,
  0x0042, 0x0042, 0x0042, 0x0042, 0x0042, 0x0042, 0x5F26, 0x5F26, 0xFFFF, 0xFFFF, 0x0000, 0x0000,
  0x5F26, 0x5F26, 0x0000, 0x0000, 0xFFFF, 0xFFFF, 0xFFFF, 0xFFFF, 0x5F26, 0x5F26, 0x5F26, 0x5F26,
  0x5F26, 0x5F26, 0x5F26, 0x5F26, 0x0042, 0x0042, 0x0042, 0x0042, 0x0042, 0x0042, 0x0042, 0x0042,
  0x5F26, 0x5F26, 0x5F26, 0x5F26, 0x5F26, 0x5F26, 0x5F26, 0x5F26, 0x0042, 0x0042, 0x0042, 0x0042,
  0x0042, 0x0042, 0x0042, 0x0042, 0x0042, 0x0042, 0x5F26, 0x5F26, 0xFFFF, 0xFFFF, 0x0000, 0x0000,
  0x5F26, 0x5F26, 0x0000, 0x0000, 0xFFFF, 0xFFFF, 0xFFFF, 0xFFFF, 0x5F26, 0x5F26, 0x5F26, 0x5F26,
  0x5F26, 0x5F26, 0x5F26, 0x5F26, 0x0042, 0x0042, 0x0042, 0x0042, 0x0042, 0x0042, 0x0042, 0x0042,
  0x5F26, 0x5F26, 0x5F26, 0x5F26, 0x5F26, 0x5F26, 0x5F26, 0x5F26, 0xFC0E, 0xFC0E, 0xFC0E, 0xFC0E,
  0x0042, 0x0042, 0x0042, 0x0042, 0x0042, 0x0042, 0x5F26, 0x5F26, 0xFFFF, 0xFFFF, 0x0000, 0x0000,
  0x5F26, 0x5F26, 0x0000, 0x0000, 0xFFFF, 0xFFFF, 0xFFFF, 0xFFFF, 0x5F26, 0x5F26, 0x5F26, 0x5F26,
  0x5F26, 0x5F26, 0x5F26, 0x5F26, 0xFC0E, 0xFC0E, 0xFC0E, 0xFC0E, 0x0042, 0x0042, 0x0042, 0x0042,
  0x5F26, 0x5F26, 0x5F26, 0x5F26, 0x5F26, 0x5F26, 0x5F26, 0x5F26, 0xFC0E, 0xFC0E, 0xFC0E, 0xFC0E,
  0x0042, 0x0042, 0x0042, 0x0042, 0x0042, 0x0042, 0x5F26, 0x5F26, 0xFFFF, 0xFFFF, 0x0000, 0x0000,
  0x5F26, 0x5F26, 0x0000, 0x0000, 0xFFFF, 0xFFFF, 0xFFFF, 0xFFFF, 0x5F26, 0x5F26, 0x5F26, 0x5F26,
  0x5F26, 0x5F26, 0x5F26, 0x5F26, 0xFC0E, 0xFC0E, 0xFC0E, 0xFC0E, 0x0042, 0x0042, 0x0042, 0x0042,
  0x5F26, 0x5F26, 0x5F26, 0x5F26, 0x5F26, 0x5F26, 0x5F26, 0x5F26, 0xFC0E, 0xFC0E, 0x0042, 0x0042,
  0x0042, 0x0042, 0x0042, 0x0042, 0x0042, 0x0042, 0x5F26, 0x5F26, 0x5F26, 0x5F26, 0xFFFF, 0xFFFF,
  0x5F26, 0x5F26, 0xFFFF, 0xFFFF, 0xFFFF, 0xFFFF, 0x5F26, 0x5F26, 0x5F26, 0x5F26, 0x5F26, 0x5F26,
  0x5F26, 0x5F26, 0x5F26, 0x5F26, 0xFC0E, 0xFC0E, 0x0042, 0x0042, 0x0042, 0x0042, 0x0042, 0x0042,
  0x5F26, 0x5F26, 0x5F26, 0x5F26, 0x5F26, 0x5F26, 0x5F26, 0x5F26, 0xFC0E, 0xFC0E, 0x0042, 0x0042,
  0x0042, 0x0042, 0x0042, 0x0042, 0x0042, 0x0042, 0x5F26, 0x5F26, 0x5F26, 0x5F26, 0xFFFF, 0xFFFF,
  0x5F26, 0x5F26, 0xFFFF, 0xFFFF, 0xFFFF, 0xFFFF, 0x5F26, 0x5F26, 0x5F26, 0x5F26, 0x5F26, 0x5F26,
  0x5F26, 0x5F26, 0x5F26, 0x5F26, 0xFC0E, 0xFC0E, 0x0042, 0x0042, 0x0042, 0x0042, 0x0042, 0x0042,
  0x5F26, 0x5F26, 0x5F26, 0x5F26, 0xFC0E, 0xFC0E, 0x5F26, 0x5F26, 0x0042, 0x0042, 0x0042, 0x0042,
  0x0042, 0x0042, 0x0042, 0x0042, 0x0042, 0x0042, 0x0042, 0x0042, 0x0000, 0x0000, 0x0000, 0x0000,
  0xFFFF, 0xFFFF, 0x0000, 0x0000, 0x0000, 0x0000, 0x0000, 0x0000, 0x5F26, 0x5F26, 0x5F26, 0x5F26,
  0xFC0E, 0xFC0E, 0x5F26, 0x5F26, 0x0042, 0x0042, 0x0042, 0x0042, 0x0042, 0x0042, 0x0042, 0x0042,
  0x5F26, 0x5F26, 0x5F26, 0x5F26, 0xFC0E, 0xFC0E, 0x5F26, 0x5F26, 0x0042, 0x0042, 0x0042, 0x0042,
  0x0042, 0x0042, 0x0042, 0x0042, 0x0042, 0x0042, 0x0042, 0x0042, 0x0000, 0x0000, 0x0000, 0x0000,
  0xFFFF, 0xFFFF, 0x0000, 0x0000, 0x0000, 0x0000, 0x0000, 0x0000, 0x5F26, 0x5F26, 0x5F26, 0x5F26,
  0xFC0E, 0xFC0E, 0x5F26, 0x5F26, 0x0042, 0x0042, 0x0042, 0x0042, 0x0042, 0x0042, 0x0042, 0x0042,
  0x5F26, 0x5F26, 0xFC0E, 0xFC0E, 0xFC0E, 0xFC0E, 0xFC0E, 0xFC0E, 0x5F26, 0x5F26, 0x0042, 0x0042,
  0x0042, 0x0042, 0x0042, 0x0042, 0x0042, 0x0042, 0x0042, 0x0042, 0x5F26, 0x5F26, 0x5F26, 0x5F26,
  0x5F26, 0x5F26, 0x5F26, 0x5F26, 0x5F26, 0x5F26, 0x5F26, 0x5F26, 0x5F26, 0x5F26, 0xFC0E, 0xFC0E,
  0xFC0E, 0xFC0E, 0xFC0E, 0xFC0E, 0x5F26, 0x5F26, 0x0042, 0x0042, 0x0042, 0x0042, 0x0042, 0x0042,
  0x5F26, 0x5F26, 0xFC0E, 0xFC0E, 0xFC0E, 0xFC0E, 0xFC0E, 0xFC0E, 0x5F26, 0x5F26, 0x0042, 0x0042,
  0x0042, 0x0042, 0x0042, 0x0042, 0x0042, 0x0042, 0x0042, 0x0042, 0x5F26, 0x5F26, 0x5F26, 0x5F26,
  0x5F26, 0x5F26, 0x5F26, 0x5F26, 0x5F26, 0x5F26, 0x5F26, 0x5F26, 0x5F26, 0x5F26, 0xFC0E, 0xFC0E,
  0xFC0E, 0xFC0E, 0xFC0E, 0xFC0E, 0x5F26, 0x5F26, 0x0042, 0x0042, 0x0042, 0x0042, 0x0042, 0x0042,
  0x5F26, 0x5F26, 0xFC0E, 0xFC0E, 0xFC0E, 0xFC0E, 0xFC0E, 0xFC0E, 0x5F26, 0x5F26, 0x0042, 0x0042,
  0x0042, 0x0042, 0x5F26, 0x5F26, 0x0042, 0x0042, 0x0042, 0x0042, 0x0042, 0x0042, 0xFFFF, 0xFFFF,
  0xFFFF, 0xFFFF, 0xFFFF, 0xFFFF, 0xFFFF, 0xFFFF, 0x5F26, 0x5F26, 0x5F26, 0x5F26, 0xFC0E, 0xFC0E,
  0xFC0E, 0xFC0E, 0xFC0E, 0xFC0E, 0x5F26, 0x5F26, 0x0042, 0x0042, 0x0042, 0x0042, 0x0042, 0x0042,
  0x5F26, 0x5F26, 0xFC0E, 0xFC0E, 0xFC0E, 0xFC0E, 0xFC0E, 0xFC0E, 0x5F26, 0x5F26, 0x0042, 0x0042,
  0x0042, 0x0042, 0x5F26, 0x5F26, 0x0042, 0x0042, 0x0042, 0x0042, 0x0042, 0x0042, 0xFFFF, 0xFFFF,
  0xFFFF, 0xFFFF, 0xFFFF, 0xFFFF, 0xFFFF, 0xFFFF, 0x5F26, 0x5F26, 0x5F26, 0x5F26, 0xFC0E, 0xFC0E,
  0xFC0E, 0xFC0E, 0xFC0E, 0xFC0E, 0x5F26, 0x5F26, 0x0042, 0x0042, 0x0042, 0x0042, 0x0042, 0x0042,
  0x5F26, 0x5F26, 0x5F26, 0x5F26, 0xFC0E, 0xFC0E, 0xFC0E, 0xFC0E, 0x5F26, 0x5F26, 0xFC0E, 0xFC0E,
  0xFC0E, 0xFC0E, 0x5F26, 0x5F26, 0x0042, 0x0042, 0x0042, 0x0042, 0xFFFF, 0xFFFF, 0xFFFF, 0xFFFF,
  0xFFFF, 0xFFFF, 0xFFFF, 0xFFFF, 0xFFFF, 0xFFFF, 0xFFFF, 0xFFFF, 0x5F26, 0x5F26, 0x5F26, 0x5F26,
  0xFC0E, 0xFC0E, 0xFC0E, 0xFC0E, 0x5F26, 0x5F26, 0xFC0E, 0xFC0E, 0x0042, 0x0042, 0x0042, 0x0042,
  0x5F26, 0x5F26, 0x5F26, 0x5F26, 0xFC0E, 0xFC0E, 0xFC0E, 0xFC0E, 0x5F26, 0x5F26, 0xFC0E, 0xFC0E,
  0xFC0E, 0xFC0E, 0x5F26, 0x5F26, 0x0042, 0x0042, 0x0042, 0x0042, 0xFFFF, 0xFFFF, 0xFFFF, 0xFFFF,
  0xFFFF, 0xFFFF, 0xFFFF, 0xFFFF, 0xFFFF, 0xFFFF, 0xFFFF, 0xFFFF, 0x5F26, 0x5F26, 0x5F26, 0x5F26,
  0xFC0E, 0xFC0E, 0xFC0E, 0xFC0E, 0x5F26, 0x5F26, 0xFC0E, 0xFC0E, 0x0042, 0x0042, 0x0042, 0x0042,
  0xFC0E, 0xFC0E, 0x5F26, 0x5F26, 0x5F26, 0x5F26, 0x5F26, 0x5F26, 0x5F26, 0x5F26, 0x5F26, 0x5F26,
  0x5F26, 0x5F26, 0x0042, 0x0042, 0x0042, 0x0042, 0x0042, 0x0042, 0xFFFF, 0xFFFF, 0xFFFF, 0xFFFF,
  0xFFFF, 0xFFFF, 0xFFFF, 0xFFFF, 0xFFFF, 0xFFFF, 0xFC0E, 0xFC0E, 0xFC0E, 0xFC0E, 0x5F26, 0x5F26,
  0x5F26, 0x5F26, 0x5F26, 0x5F26, 0x5F26, 0x5F26, 0x5F26, 0x5F26, 0xFC0E, 0xFC0E, 0x0042, 0x0042,
  0xFC0E, 0xFC0E, 0x5F26, 0x5F26, 0x5F26, 0x5F26, 0x5F26, 0x5F26, 0x5F26, 0x5F26, 0x5F26, 0x5F26,
  0x5F26, 0x5F26, 0x0042, 0x0042, 0x0042, 0x0042, 0x0042, 0x0042, 0xFFFF, 0xFFFF, 0xFFFF, 0xFFFF,
  0xFFFF, 0xFFFF, 0xFFFF, 0xFFFF, 0xFFFF, 0xFFFF, 0xFC0E, 0xFC0E, 0xFC0E, 0xFC0E, 0x5F26, 0x5F26,
  0x5F26, 0x5F26, 0x5F26, 0x5F26, 0x5F26, 0x5F26, 0x5F26, 0x5F26, 0xFC0E, 0xFC0E, 0x0042, 0x0042,
  0xFC0E, 0xFC0E, 0xFC0E, 0xFC0E, 0x5F26, 0x5F26, 0x5F26, 0x5F26, 0x5F26, 0x5F26, 0x5F26, 0x5F26,
  0x0042, 0x0042, 0x0042, 0x0042, 0xFC0E, 0xFC0E, 0xFC0E, 0xFC0E, 0xFC0E, 0xFC0E, 0xFFFF, 0xFFFF,
  0xFFFF, 0xFFFF, 0xFFFF, 0xFFFF, 0xFC0E, 0xFC0E, 0xFC0E, 0xFC0E, 0xFC0E, 0xFC0E, 0xFC0E, 0xFC0E,
  0x5F26, 0x5F26, 0x5F26, 0x5F26, 0x5F26, 0x5F26, 0x5F26, 0x5F26, 0x5F26, 0x5F26, 0x5F26, 0x5F26,
  0xFC0E, 0xFC0E, 0xFC0E, 0xFC0E, 0x5F26, 0x5F26, 0x5F26, 0x5F26, 0x5F26, 0x5F26, 0x5F26, 0x5F26,
  0x0042, 0x0042, 0x0042, 0x0042, 0xFC0E, 0xFC0E, 0xFC0E, 0xFC0E, 0xFC0E, 0xFC0E, 0xFFFF, 0xFFFF,
  0xFFFF, 0xFFFF, 0xFFFF, 0xFFFF, 0xFC0E, 0xFC0E, 0xFC0E, 0xFC0E, 0xFC0E, 0xFC0E, 0xFC0E, 0xFC0E,
  0x5F26, 0x5F26, 0x5F26, 0x5F26, 0x5F26, 0x5F26, 0x5F26, 0x5F26, 0x5F26, 0x5F26, 0x5F26, 0x5F26,
};

const int BB_SPR_BUB_WALK1_R_W = 48;
const int BB_SPR_BUB_WALK1_R_H = 32;
const uint16_t BB_SPR_BUB_WALK1_R[1536] PROGMEM = {
  0xFC0E, 0xFC0E, 0x0042, 0x0042, 0x0042, 0x0042, 0x0042, 0x0042, 0x0042, 0x0042, 0x0042, 0x0042,
  0x0042, 0x0042, 0x0042, 0x0042, 0x0042, 0x0042, 0x0042, 0x0042, 0x0042, 0x0042, 0x0042, 0x0042,
  0x0042, 0x0042, 0x0042, 0x0042, 0x0042, 0x0042, 0x0042, 0x0042, 0xFC0E, 0xFC0E, 0x0042, 0x0042,
  0x0042, 0x0042, 0x0042, 0x0042, 0x0042, 0x0042, 0x0042, 0x0042, 0x0042, 0x0042, 0x0042, 0x0042,
  0xFC0E, 0xFC0E, 0x0042, 0x0042, 0x0042, 0x0042, 0x0042, 0x0042, 0x0042, 0x0042, 0x0042, 0x0042,
  0x0042, 0x0042, 0x0042, 0x0042, 0x0042, 0x0042, 0x0042, 0x0042, 0x0042, 0x0042, 0x0042, 0x0042,
  0x0042, 0x0042, 0x0042, 0x0042, 0x0042, 0x0042, 0x0042, 0x0042, 0xFC0E, 0xFC0E, 0x0042, 0x0042,
  0x0042, 0x0042, 0x0042, 0x0042, 0x0042, 0x0042, 0x0042, 0x0042, 0x0042, 0x0042, 0x0042, 0x0042,
  0xFC0E, 0xFC0E, 0xFC0E, 0xFC0E, 0x0042, 0x0042, 0x0042, 0x0042, 0x0042, 0x0042, 0x0042, 0x0042,
  0x0042, 0x0042, 0x0042, 0x0042, 0x0042, 0x0042, 0x0042, 0x0042, 0x0042, 0x0042, 0x0042, 0x0042,
  0x0042, 0x0042, 0x0042, 0x0042, 0x0042, 0x0042, 0xFC0E, 0xFC0E, 0xFC0E, 0xFC0E, 0xFC0E, 0xFC0E,
  0x0042, 0x0042, 0x0042, 0x0042, 0x0042, 0x0042, 0x0042, 0x0042, 0x0042, 0x0042, 0x0042, 0x0042,
  0xFC0E, 0xFC0E, 0xFC0E, 0xFC0E, 0x0042, 0x0042, 0x0042, 0x0042, 0x0042, 0x0042, 0x0042, 0x0042,
  0x0042, 0x0042, 0x0042, 0x0042, 0x0042, 0x0042, 0x0042, 0x0042, 0x0042, 0x0042, 0x0042, 0x0042,
  0x0042, 0x0042, 0x0042, 0x0042, 0x0042, 0x0042, 0xFC0E, 0xFC0E, 0xFC0E, 0xFC0E, 0xFC0E, 0xFC0E,
  0x0042, 0x0042, 0x0042, 0x0042, 0x0042, 0x0042, 0x0042, 0x0042, 0x0042, 0x0042, 0x0042, 0x0042,
  0x5F26, 0x5F26, 0x5F26, 0x5F26, 0x5F26, 0x5F26, 0x5F26, 0x5F26, 0x0042, 0x0042, 0x0042, 0x0042,
  0x0042, 0x0042, 0x0042, 0x0042, 0x0042, 0x0042, 0x0042, 0x0042, 0x0042, 0x0042, 0xFC0E, 0xFC0E,
  0xFC0E, 0xFC0E, 0xFC0E, 0xFC0E, 0xFC0E, 0xFC0E, 0x5F26, 0x5F26, 0x5F26, 0x5F26, 0x5F26, 0x5F26,
  0x5F26, 0x5F26, 0x5F26, 0x5F26, 0x0042, 0x0042, 0x0042, 0x0042, 0x0042, 0x0042, 0x0042, 0x0042,
  0x5F26, 0x5F26, 0x5F26, 0x5F26, 0x5F26, 0x5F26, 0x5F26, 0x5F26, 0x0042, 0x0042, 0x0042, 0x0042,
  0x0042, 0x0042, 0x0042, 0x0042, 0x0042, 0x0042, 0x0042, 0x0042, 0x0042, 0x0042, 0xFC0E, 0xFC0E,
  0xFC0E, 0xFC0E, 0xFC0E, 0xFC0E, 0xFC0E, 0xFC0E, 0x5F26, 0x5F26, 0x5F26, 0x5F26, 0x5F26, 0x5F26,
  0x5F26, 0x5F26, 0x5F26, 0x5F26, 0x0042, 0x0042, 0x0042, 0x0042, 0x0042, 0x0042, 0x0042, 0x0042,
  0x5F26, 0x5F26, 0x5F26, 0x5F26, 0x5F26, 0x5F26, 0x5F26, 0x5F26, 0x5F26, 0x5F26, 0x0042, 0x0042,
  0x0042, 0x0042, 0x0042, 0x0042, 0x0042, 0x0042, 0x0042, 0x0042, 0x0042, 0x0042, 0x0042, 0x0042,
  0xFC0E, 0xFC0E, 0xFC0E, 0xFC0E, 0x5F26, 0x5F26, 0x5F26, 0x5F26, 0x5F26, 0x5F26, 0x5F26, 0x5F26,
  0x5F26, 0x5F26, 0x5F26, 0x5F26, 0x5F26, 0x5F26, 0x0042, 0x0042, 0x0042, 0x0042, 0x0042, 0x0042,
  0x5F26, 0x5F26, 0x5F26, 0x5F26, 0x5F26, 0x5F26, 0x5F26, 0x5F26, 0x5F26, 0x5F26, 0x0042, 0x0042,
  0x0042, 0x0042, 0x0042, 0x0042, 0x0042, 0x0042, 0x0042, 0x0042, 0x0042, 0x0042, 0x0042, 0x0042,
  0xFC0E, 0xFC0E, 0xFC0E, 0xFC0E, 0x5F26, 0x5F26, 0x5F26, 0x5F26, 0x5F26, 0x5F26, 0x5F26, 0x5F26,
  0x5F26, 0x5F26, 0x5F26, 0x5F26, 0x5F26, 0x5F26, 0x0042, 0x0042, 0x0042, 0x0042, 0x0042, 0x0042,
  0x5F26, 0x5F26, 0xFFFF, 0xFFFF, 0xFFFF, 0xFFFF, 0x5F26, 0x5F26, 0xFFFF, 0xFFFF, 0x5F26, 0x5F26,
  0x0042, 0x0042, 0x0042, 0x0042, 0x0042, 0x0042, 0x0042, 0x0042, 0x0042, 0x0042, 0x0042, 0x0042,
  0x0042, 0x0042, 0x5F26, 0x5F26, 0x5F26, 0x5F26, 0x5F26, 0x5F26, 0x5F26, 0x5F26, 0xFFFF, 0xFFFF,
  0xFFFF, 0xFFFF, 0x5F26, 0x5F26, 0xFFFF, 0xFFFF, 0x5F26, 0x5F26, 0x0042, 0x0042, 0x0042, 0x0042,
  0x5F26, 0x5F26, 0xFFFF, 0xFFFF, 0xFFFF, 0xFFFF, 0x5F26, 0x5F26, 0xFFFF, 0xFFFF, 0x5F26, 0x5F26,
  0x0042, 0x0042, 0x0042, 0x0042, 0x0042, 0x0042, 0x0042, 0x0042, 0x0042, 0x0042, 0x0042, 0x0042,
  0x0042, 0x0042, 0x5F26, 0x5F26, 0x5F26, 0x5F26, 0x5F26, 0x5F26, 0x5F26, 0x5F26, 0xFFFF, 0xFFFF,
  0xFFFF, 0xFFFF, 0x5F26, 0x5F26, 0xFFFF, 0xFFFF, 0x5F26, 0x5F26, 0x0042, 0x0042, 0x0042, 0x0042,
  0xFFFF, 0xFFFF, 0xFFFF, 0xFFFF, 0x0000, 0x0000, 0x5F26, 0x5F26, 0x0000, 0x0000, 0xFFFF, 0xFFFF,
  0x0042, 0x0042, 0x0042, 0x0042, 0x0042, 0x0042, 0x0042, 0x0042, 0xFC0E, 0xFC0E, 0xFC0E, 0xFC0E,
  0xFC0E, 0xFC0E, 0x5F26, 0x5F26, 0x5F26, 0x5F26, 0x5F26, 0x5F26, 0xFFFF, 0xFFFF, 0xFFFF, 0xFFFF,
  0x0000, 0x0000, 0x5F26, 0x5F26, 0x0000, 0x0000, 0xFFFF, 0xFFFF, 0x0042, 0x0042, 0x0042, 0x0042,
  0xFFFF, 0xFFFF, 0xFFFF, 0xFFFF, 0x0000, 0x0000, 0x5F26, 0x5F26, 0x0000, 0x0000, 0xFFFF, 0xFFFF,
  0x0042, 0x0042, 0x0042, 0x0042, 0x0042, 0x0042, 0x0042, 0x0042, 0xFC0E, 0xFC0E, 0xFC0E, 0xFC0E,
  0xFC0E, 0xFC0E, 0x5F26, 0x5F26, 0x5F26, 0x5F26, 0x5F26, 0x5F26, 0xFFFF, 0xFFFF, 0xFFFF, 0xFFFF,
  0x0000, 0x0000, 0x5F26, 0x5F26, 0x0000, 0x0000, 0xFFFF, 0xFFFF, 0x0042, 0x0042, 0x0042, 0x0042,
  0xFFFF, 0xFFFF, 0xFFFF, 0xFFFF, 0x0000, 0x0000, 0x5F26, 0x5F26, 0x0000, 0x0000, 0xFFFF, 0xFFFF,
  0x0042, 0x0042, 0x0042, 0x0042, 0x0042, 0x0042, 0x0042, 0x0042, 0x0042, 0x0042, 0xFC0E, 0xFC0E,
  0x5F26, 0x5F26, 0x5F26, 0x5F26, 0x5F26, 0x5F26, 0x5F26, 0x5F26, 0xFFFF, 0xFFFF, 0xFFFF, 0xFFFF,
  0x0000, 0x0000, 0x5F26, 0x5F26, 0x0000, 0x0000, 0xFFFF, 0xFFFF, 0x0042, 0x0042, 0x0042, 0x0042,
  0xFFFF, 0xFFFF, 0xFFFF, 0xFFFF, 0x0000, 0x0000, 0x5F26, 0x5F26, 0x0000, 0x0000, 0xFFFF, 0xFFFF,
  0x0042, 0x0042, 0x0042, 0x0042, 0x0042, 0x0042, 0x0042, 0x0042, 0x0042, 0x0042, 0xFC0E, 0xFC0E,
  0x5F26, 0x5F26, 0x5F26, 0x5F26, 0x5F26, 0x5F26, 0x5F26, 0x5F26, 0xFFFF, 0xFFFF, 0xFFFF, 0xFFFF,
  0x0000, 0x0000, 0x5F26, 0x5F26, 0x0000, 0x0000, 0xFFFF, 0xFFFF, 0x0042, 0x0042, 0x0042, 0x0042,
  0xFFFF, 0xFFFF, 0xFFFF, 0xFFFF, 0x0000, 0x0000, 0x5F26, 0x5F26, 0x0000, 0x0000, 0xFFFF, 0xFFFF,
  0x5F26, 0x5F26, 0x0042, 0x0042, 0x0042, 0x0042, 0x0042, 0x0042, 0x0042, 0x0042, 0x0042, 0x0042,
  0x5F26, 0x5F26, 0x5F26, 0x5F26, 0x5F26, 0x5F26, 0x5F26, 0x5F26, 0xFFFF, 0xFFFF, 0xFFFF, 0xFFFF,
  0x0000, 0x0000, 0x5F26, 0x5F26, 0x0000, 0x0000, 0xFFFF, 0xFFFF, 0x5F26, 0x5F26, 0x0042, 0x0042,
  0xFFFF, 0xFFFF, 0xFFFF, 0xFFFF, 0x0000, 0x0000, 0x5F26, 0x5F26, 0x0000, 0x0000, 0xFFFF, 0xFFFF,
  0x5F26, 0x5F26, 0x0042, 0x0042, 0x0042, 0x0042, 0x0042, 0x0042, 0x0042, 0x0042, 0x0042, 0x0042,
  0x5F26, 0x5F26, 0x5F26, 0x5F26, 0x5F26, 0x5F26, 0x5F26, 0x5F26, 0xFFFF, 0xFFFF, 0xFFFF, 0xFFFF,
  0x0000, 0x0000, 0x5F26, 0x5F26, 0x0000, 0x0000, 0xFFFF, 0xFFFF, 0x5F26, 0x5F26, 0x0042, 0x0042,
  0xFFFF, 0xFFFF, 0xFFFF, 0xFFFF, 0x0000, 0x0000, 0x5F26, 0x5F26, 0x0000, 0x0000, 0xFFFF, 0xFFFF,
  0x5F26, 0x5F26, 0x0042, 0x0042, 0x0042, 0x0042, 0x0042, 0x0042, 0xFC0E, 0xFC0E, 0xFC0E, 0xFC0E,
  0x5F26, 0x5F26, 0x5F26, 0x5F26, 0x5F26, 0x5F26, 0x5F26, 0x5F26, 0xFFFF, 0xFFFF, 0xFFFF, 0xFFFF,
  0x0000, 0x0000, 0x5F26, 0x5F26, 0x0000, 0x0000, 0xFFFF, 0xFFFF, 0x5F26, 0x5F26, 0x0042, 0x0042,
  0xFFFF, 0xFFFF, 0xFFFF, 0xFFFF, 0x0000, 0x0000, 0x5F26, 0x5F26, 0x0000, 0x0000, 0xFFFF, 0xFFFF,
  0x5F26, 0x5F26, 0x0042, 0x0042, 0x0042, 0x0042, 0x0042, 0x0042, 0xFC0E, 0xFC0E, 0xFC0E, 0xFC0E,
  0x5F26, 0x5F26, 0x5F26, 0x5F26, 0x5F26, 0x5F26, 0x5F26, 0x5F26, 0xFFFF, 0xFFFF, 0xFFFF, 0xFFFF,
  0x0000, 0x0000, 0x5F26, 0x5F26, 0x0000, 0x0000, 0xFFFF, 0xFFFF, 0x5F26, 0x5F26, 0x0042, 0x0042,
  0x5F26, 0x5F26, 0xFFFF, 0xFFFF, 0xFFFF, 0xFFFF, 0x5F26, 0x5F26, 0xFFFF, 0xFFFF, 0x5F26, 0x5F26,
  0x5F26, 0x5F26, 0x0042, 0x0042, 0x0042, 0x0042, 0x0042, 0x0042, 0x0042, 0x0042, 0xFC0E, 0xFC0E,
  0x5F26, 0x5F26, 0x5F26, 0x5F26, 0x5F26, 0x5F26, 0x5F26, 0x5F26, 0x5F26, 0x5F26, 0xFFFF, 0xFFFF,
  0xFFFF, 0xFFFF, 0x5F26, 0x5F26, 0xFFFF, 0xFFFF, 0x5F26, 0x5F26, 0x5F26, 0x5F26, 0x0042, 0x0042,
  0x5F26, 0x5F26, 0xFFFF, 0xFFFF, 0xFFFF, 0xFFFF, 0x5F26, 0x5F26, 0xFFFF, 0xFFFF, 0x5F26, 0x5F26,
  0x5F26, 0x5F26, 0x0042, 0x0042, 0x0042, 0x0042, 0x0042, 0x0042, 0x0042, 0x0042, 0xFC0E, 0xFC0E,
  0x5F26, 0x5F26, 0x5F26, 0x5F26, 0x5F26, 0x5F26, 0x5F26, 0x5F26, 0x5F26, 0x5F26, 0xFFFF, 0xFFFF,
  0xFFFF, 0xFFFF, 0x5F26, 0x5F26, 0xFFFF, 0xFFFF, 0x5F26, 0x5F26, 0x5F26, 0x5F26, 0x0042, 0x0042,
  0x0000, 0x0000, 0x0000, 0x0000, 0x0000, 0x0000, 0xFFFF, 0xFFFF, 0x0000, 0x0000, 0x0000, 0x0000,
  0x0042, 0x0042, 0x0042, 0x0042, 0x0042, 0x0042, 0x0042, 0x0042, 0x0042, 0x0042, 0x0042, 0x0042,
  0x5F26, 0x5F26, 0xFC0E, 0xFC0E, 0x5F26, 0x5F26, 0x5F26, 0x5F26, 0x0000, 0x0000, 0x0000, 0x0000,
  0x0000, 0x0000, 0xFFFF, 0xFFFF, 0x0000, 0x0000, 0x0000, 0x0000, 0x0042, 0x0042, 0x0042, 0x0042,
  0x0000, 0x0000, 0x0000, 0x0000, 0x0000, 0x0000, 0xFFFF, 0xFFFF, 0x0000, 0x0000, 0x0000, 0x0000,
  0x0042, 0x0042, 0x0042, 0x0042, 0x0042, 0x0042, 0x0042, 0x0042, 0x0042, 0x0042, 0x0042, 0x0042,
  0x5F26, 0x5F26, 0xFC0E, 0xFC0E, 0x5F26, 0x5F26, 0x5F26, 0x5F26, 0x0000, 0x0000, 0x0000, 0x0000,
  0x0000, 0x0000, 0xFFFF, 0xFFFF, 0x0000, 0x0000, 0x0000, 0x0000, 0x0042, 0x0042, 0x0042, 0x0042,
  0x5F26, 0x5F26, 0x5F26, 0x5F26, 0x5F26, 0x5F26, 0x5F26, 0x5F26, 0x5F26, 0x5F26, 0x5F26, 0x5F26,
  0x0042, 0x0042, 0x0042, 0x0042, 0x0042, 0x0042, 0x0042, 0x0042, 0x0042, 0x0042, 0x5F26, 0x5F26,
  0xFC0E, 0xFC0E, 0xFC0E, 0xFC0E, 0xFC0E, 0xFC0E, 0x5F26, 0x5F26, 0x5F26, 0x5F26, 0x5F26, 0x5F26,
  0x5F26, 0x5F26, 0x5F26, 0x5F26, 0x5F26, 0x5F26, 0x5F26, 0x5F26, 0x0042, 0x0042, 0x0042, 0x0042,
  0x5F26, 0x5F26, 0x5F26, 0x5F26, 0x5F26, 0x5F26, 0x5F26, 0x5F26, 0x5F26, 0x5F26, 0x5F26, 0x5F26,
  0x0042, 0x0042, 0x0042, 0x0042, 0x0042, 0x0042, 0x0042, 0x0042, 0x0042, 0x0042, 0x5F26, 0x5F26,
  0xFC0E, 0xFC0E, 0xFC0E, 0xFC0E, 0xFC0E, 0xFC0E, 0x5F26, 0x5F26, 0x5F26, 0x5F26, 0x5F26, 0x5F26,
  0x5F26, 0x5F26, 0x5F26, 0x5F26, 0x5F26, 0x5F26, 0x5F26, 0x5F26, 0x0042, 0x0042, 0x0042, 0x0042,
  0x5F26, 0x5F26, 0xFFFF, 0xFFFF, 0xFFFF, 0xFFFF, 0xFFFF, 0xFFFF, 0xFFFF, 0xFFFF, 0x0042, 0x0042,
  0x0042, 0x0042, 0x0042, 0x0042, 0x5F26, 0x5F26, 0x0042, 0x0042, 0x0042, 0x0042, 0x5F26, 0x5F26,
  0xFC0E, 0xFC0E, 0xFC0E, 0xFC0E, 0xFC0E, 0xFC0E, 0x5F26, 0x5F26, 0x5F26, 0x5F26, 0xFFFF, 0xFFFF,
  0xFFFF, 0xFFFF, 0xFFFF, 0xFFFF, 0xFFFF, 0xFFFF, 0x0042, 0x0042, 0x0042, 0x0042, 0x0042, 0x0042,
  0x5F26, 0x5F26, 0xFFFF, 0xFFFF, 0xFFFF, 0xFFFF, 0xFFFF, 0xFFFF, 0xFFFF, 0xFFFF, 0x0042, 0x0042,
  0x0042, 0x0042, 0x0042, 0x0042, 0x5F26, 0x5F26, 0x0042, 0x0042, 0x0042, 0x0042, 0x5F26, 0x5F26,
  0xFC0E, 0xFC0E, 0xFC0E, 0xFC0E, 0xFC0E, 0xFC0E, 0x5F26, 0x5F26, 0x5F26, 0x5F26, 0xFFFF, 0xFFFF,
  0xFFFF, 0xFFFF, 0xFFFF, 0xFFFF, 0xFFFF, 0xFFFF, 0x0042, 0x0042, 0x0042, 0x0042, 0x0042, 0x0042,
  0xFFFF, 0xFFFF, 0xFFFF, 0xFFFF, 0xFFFF, 0xFFFF, 0xFFFF, 0xFFFF, 0xFFFF, 0xFFFF, 0xFFFF, 0xFFFF,
  0x0042, 0x0042, 0x0042, 0x0042, 0x5F26, 0x5F26, 0xFC0E, 0xFC0E, 0xFC0E, 0xFC0E, 0x5F26, 0x5F26,
  0xFC0E, 0xFC0E, 0xFC0E, 0xFC0E, 0x5F26, 0x5F26, 0x5F26, 0x5F26, 0xFFFF, 0xFFFF, 0xFC0E, 0xFC0E,
  0xFC0E, 0xFC0E, 0xFFFF, 0xFFFF, 0xFFFF, 0xFFFF, 0xFFFF, 0xFFFF, 0x0042, 0x0042, 0x0042, 0x0042,
  0xFFFF, 0xFFFF, 0xFFFF, 0xFFFF, 0xFFFF, 0xFFFF, 0xFFFF, 0xFFFF, 0xFFFF, 0xFFFF, 0xFFFF, 0xFFFF,
  0x0042, 0x0042, 0x0042, 0x0042, 0x5F26, 0x5F26, 0xFC0E, 0xFC0E, 0xFC0E, 0xFC0E, 0x5F26, 0x5F26,
  0xFC0E, 0xFC0E, 0xFC0E, 0xFC0E, 0x5F26, 0x5F26, 0x5F26, 0x5F26, 0xFFFF, 0xFFFF, 0xFC0E, 0xFC0E,
  0xFC0E, 0xFC0E, 0xFFFF, 0xFFFF, 0xFFFF, 0xFFFF, 0xFFFF, 0xFFFF, 0x0042, 0x0042, 0x0042, 0x0042,
  0xFC0E, 0xFC0E, 0xFFFF, 0xFFFF, 0xFFFF, 0xFFFF, 0xFFFF, 0xFFFF, 0xFFFF, 0xFFFF, 0xFFFF, 0xFFFF,
  0x0042, 0x0042, 0x0042, 0x0042, 0x0042, 0x0042, 0x5F26, 0x5F26, 0x5F26, 0x5F26, 0x5F26, 0x5F26,
  0x5F26, 0x5F26, 0x5F26, 0x5F26, 0x5F26, 0x5F26, 0xFC0E, 0xFC0E, 0xFC0E, 0xFC0E, 0xFC0E, 0xFC0E,
  0xFC0E, 0xFC0E, 0xFC0E, 0xFC0E, 0xFFFF, 0xFFFF, 0xFFFF, 0xFFFF, 0x0042, 0x0042, 0x0042, 0x0042,
  0xFC0E, 0xFC0E, 0xFFFF, 0xFFFF, 0xFFFF, 0xFFFF, 0xFFFF, 0xFFFF, 0xFFFF, 0xFFFF, 0xFFFF, 0xFFFF,
  0x0042, 0x0042, 0x0042, 0x0042, 0x0042, 0x0042, 0x5F26, 0x5F26, 0x5F26, 0x5F26, 0x5F26, 0x5F26,
  0x5F26, 0x5F26, 0x5F26, 0x5F26, 0x5F26, 0x5F26, 0xFC0E, 0xFC0E, 0xFC0E, 0xFC0E, 0xFC0E, 0xFC0E,
  0xFC0E, 0xFC0E, 0xFC0E, 0xFC0E, 0xFFFF, 0xFFFF, 0xFFFF, 0xFFFF, 0x0042, 0x0042, 0x0042, 0x0042,
  0xFC0E, 0xFC0E, 0xFC0E, 0xFC0E, 0xFFFF, 0xFFFF, 0xFFFF, 0xFFFF, 0xFFFF, 0xFFFF, 0xFC0E, 0xFC0E,
  0xFC0E, 0xFC0E, 0xFC0E, 0xFC0E, 0x0042, 0x0042, 0x0042, 0x0042, 0x5F26, 0x5F26, 0x5F26, 0x5F26,
  0x5F26, 0x5F26, 0x5F26, 0x5F26, 0xFC0E, 0xFC0E, 0xFC0E, 0xFC0E, 0xFC0E, 0xFC0E, 0xFC0E, 0xFC0E,
  0xFC0E, 0xFC0E, 0xFFFF, 0xFFFF, 0xFFFF, 0xFFFF, 0xFC0E, 0xFC0E, 0xFC0E, 0xFC0E, 0x0042, 0x0042,
  0xFC0E, 0xFC0E, 0xFC0E, 0xFC0E, 0xFFFF, 0xFFFF, 0xFFFF, 0xFFFF, 0xFFFF, 0xFFFF, 0xFC0E, 0xFC0E,
  0xFC0E, 0xFC0E, 0xFC0E, 0xFC0E, 0x0042, 0x0042, 0x0042, 0x0042, 0x5F26, 0x5F26, 0x5F26, 0x5F26,
  0x5F26, 0x5F26, 0x5F26, 0x5F26, 0xFC0E, 0xFC0E, 0xFC0E, 0xFC0E, 0xFC0E, 0xFC0E, 0xFC0E, 0xFC0E,
  0xFC0E, 0xFC0E, 0xFFFF, 0xFFFF, 0xFFFF, 0xFFFF, 0xFC0E, 0xFC0E, 0xFC0E, 0xFC0E, 0x0042, 0x0042,
};

const int BB_SPR_BUB_WALK1_L_W = 48;
const int BB_SPR_BUB_WALK1_L_H = 32;
const uint16_t BB_SPR_BUB_WALK1_L[1536] PROGMEM = {
  0x0042, 0x0042, 0x0042, 0x0042, 0x0042, 0x0042, 0x0042, 0x0042, 0x0042, 0x0042, 0x0042, 0x0042,
  0x0042, 0x0042, 0xFC0E, 0xFC0E, 0x0042, 0x0042, 0x0042, 0x0042, 0x0042, 0x0042, 0x0042, 0x0042,
  0x0042, 0x0042, 0x0042, 0x0042, 0x0042, 0x0042, 0x0042, 0x0042, 0x0042, 0x0042, 0x0042, 0x0042,
  0x0042, 0x0042, 0x0042, 0x0042, 0x0042, 0x0042, 0x0042, 0x0042, 0x0042, 0x0042, 0xFC0E, 0xFC0E,
  0x0042, 0x0042, 0x0042, 0x0042, 0x0042, 0x0042, 0x0042, 0x0042, 0x0042, 0x0042, 0x0042, 0x0042,
  0x0042, 0x0042, 0xFC0E, 0xFC0E, 0x0042, 0x0042, 0x0042, 0x0042, 0x0042, 0x0042, 0x0042, 0x0042,
  0x0042, 0x0042, 0x0042, 0x0042, 0x0042, 0x0042, 0x0042, 0x0042, 0x0042, 0x0042, 0x0042, 0x0042,
  0x0042, 0x0042, 0x0042, 0x0042, 0x0042, 0x0042, 0x0042, 0x0042, 0x0042, 0x0042, 0xFC0E, 0xFC0E,
  0x0042, 0x0042, 0x0042, 0x0042, 0x0042, 0x0042, 0x0042, 0x0042, 0x0042, 0x0042, 0x0042, 0x0042,
  0xFC0E, 0xFC0E, 0xFC0E, 0xFC0E, 0xFC0E, 0xFC0E, 0x0042, 0x0042, 0x0042, 0x0042, 0x0042, 0x0042,
  0x0042, 0x0042, 0x0042, 0x0042, 0x0042, 0x0042, 0x0042, 0x0042, 0x0042, 0x0042, 0x0042, 0x0042,
  0x0042, 0x0042, 0x0042, 0x0042, 0x0042, 0x0042, 0x0042, 0x0042, 0xFC0E, 0xFC0E, 0xFC0E, 0xFC0E,
  0x0042, 0x0042, 0x0042, 0x0042, 0x0042, 0x0042, 0x0042, 0x0042, 0x0042, 0x0042, 0x0042, 0x0042,
  0xFC0E, 0xFC0E, 0xFC0E, 0xFC0E, 0xFC0E, 0xFC0E, 0x0042, 0x0042, 0x0042, 0x0042, 0x0042, 0x0042,
  0x0042, 0x0042, 0x0042, 0x0042, 0x0042, 0x0042, 0x0042, 0x0042, 0x0042, 0x0042, 0x0042, 0x0042,
  0x0042, 0x0042, 0x0042, 0x0042, 0x0042, 0x0042, 0x0042, 0x0042, 0xFC0E, 0xFC0E, 0xFC0E, 0xFC0E,
  0x0042, 0x0042, 0x0042, 0x0042, 0x0042, 0x0042, 0x0042, 0x0042, 0x5F26, 0x5F26, 0x5F26, 0x5F26,
  0x5F26, 0x5F26, 0x5F26, 0x5F26, 0x5F26, 0x5F26, 0xFC0E, 0xFC0E, 0xFC0E, 0xFC0E, 0xFC0E, 0xFC0E,
  0xFC0E, 0xFC0E, 0x0042, 0x0042, 0x0042, 0x0042, 0x0042, 0x0042, 0x0042, 0x0042, 0x0042, 0x0042,
  0x0042, 0x0042, 0x0042, 0x0042, 0x5F26, 0x5F26, 0x5F26, 0x5F26, 0x5F26, 0x5F26, 0x5F26, 0x5F26,
  0x0042, 0x0042, 0x0042, 0x0042, 0x0042, 0x0042, 0x0042, 0x0042, 0x5F26, 0x5F26, 0x5F26, 0x5F26,
  0x5F26, 0x5F26, 0x5F26, 0x5F26, 0x5F26, 0x5F26, 0xFC0E, 0xFC0E, 0xFC0E, 0xFC0E, 0xFC0E, 0xFC0E,
  0xFC0E, 0xFC0E, 0x0042, 0x0042, 0x0042, 0x0042, 0x0042, 0x0042, 0x0042, 0x0042, 0x0042, 0x0042,
  0x0042, 0x0042, 0x0042, 0x0042, 0x5F26, 0x5F26, 0x5F26, 0x5F26, 0x5F26, 0x5F26, 0x5F26, 0x5F26,
  0x0042, 0x0042, 0x0042, 0x0042, 0x0042, 0x0042, 0x5F26, 0x5F26, 0x5F26, 0x5F26, 0x5F26, 0x5F26,
  0x5F26, 0x5F26, 0x5F26, 0x5F26, 0x5F26, 0x5F26, 0x5F26, 0x5F26, 0xFC0E, 0xFC0E, 0xFC0E, 0xFC0E,
  0x0042, 0x0042, 0x0042, 0x0042, 0x0042, 0x0042, 0x0042, 0x0042, 0x0042, 0x0042, 0x0042, 0x0042,
  0x0042, 0x0042, 0x5F26, 0x5F26, 0x5F26, 0x5F26, 0x5F26, 0x5F26, 0x5F26, 0x5F26, 0x5F26, 0x5F26,
  0x0042, 0x0042, 0x0042, 0x0042, 0x0042, 0x0042, 0x5F26, 0x5F26, 0x5F26, 0x5F26, 0x5F26, 0x5F26,
  0x5F26, 0x5F26, 0x5F26, 0x5F26, 0x5F26, 0x5F26, 0x5F26, 0x5F26, 0xFC0E, 0xFC0E, 0xFC0E, 0xFC0E,
  0x0042, 0x0042, 0x0042, 0x0042, 0x0042, 0x0042, 0x0042, 0x0042, 0x0042, 0x0042, 0x0042, 0x0042,
  0x0042, 0x0042, 0x5F26, 0x5F26, 0x5F26, 0x5F26, 0x5F26, 0x5F26, 0x5F26, 0x5F26, 0x5F26, 0x5F26,
  0x0042, 0x0042, 0x0042, 0x0042, 0x5F26, 0x5F26, 0xFFFF, 0xFFFF, 0x5F26, 0x5F26, 0xFFFF, 0xFFFF,
  0xFFFF, 0xFFFF, 0x5F26, 0x5F26, 0x5F26, 0x5F26, 0x5F26, 0x5F26, 0x5F26, 0x5F26, 0x0042, 0x0042,
  0x0042, 0x0042, 0x0042, 0x0042, 0x0042, 0x0042, 0x0042, 0x0042, 0x0042, 0x0042, 0x0042, 0x0042,
  0x5F26, 0x5F26, 0xFFFF, 0xFFFF, 0x5F26, 0x5F26, 0xFFFF, 0xFFFF, 0xFFFF, 0xFFFF, 0x5F26, 0x5F26,
  0x0042, 0x0042, 0x0042, 0x0042, 0x5F26, 0x5F26, 0xFFFF, 0xFFFF, 0x5F26, 0x5F26, 0xFFFF, 0xFFFF,
  0xFFFF, 0xFFFF, 0x5F26, 0x5F26, 0x5F26, 0x5F26, 0x5F26, 0x5F26, 0x5F26, 0x5F26, 0x0042, 0x0042,
  0x0042, 0x0042, 0x0042, 0x0042, 0x0042, 0x0042, 0x0042, 0x0042, 0x0042, 0x0042, 0x0042, 0x0042,
  0x5F26, 0x5F26, 0xFFFF, 0xFFFF, 0x5F26, 0x5F26, 0xFFFF, 0xFFFF, 0xFFFF, 0xFFFF, 0x5F26, 0x5F26,
  0x0042, 0x0042, 0x0042, 0x0042, 0xFFFF, 0xFFFF, 0x0000, 0x0000, 0x5F26, 0x5F26, 0x0000, 0x0000,
  0xFFFF, 0xFFFF, 0xFFFF, 0xFFFF, 0x5F26, 0x5F26, 0x5F26, 0x5F26, 0x5F26, 0x5F26, 0xFC0E, 0xFC0E,
  0xFC0E, 0xFC0E, 0xFC0E, 0xFC0E, 0x0042, 0x0042, 0x0042, 0x0042, 0x0042, 0x0042, 0x0042, 0x0042,
  0xFFFF, 0xFFFF, 0x0000, 0x0000, 0x5F26, 0x5F26, 0x0000, 0x0000, 0xFFFF, 0xFFFF, 0xFFFF, 0xFFFF,
  0x0042, 0x0042, 0x0042, 0x0042, 0xFFFF, 0xFFFF, 0x0000, 0x0000, 0x5F26, 0x5F26, 0x0000, 0x0000,
  0xFFFF, 0xFFFF, 0xFFFF, 0xFFFF, 0x5F26, 0x5F26, 0x5F26, 0x5F26, 0x5F26, 0x5F26, 0xFC0E, 0xFC0E,
  0xFC0E, 0xFC0E, 0xFC0E, 0xFC0E, 0x0042, 0x0042, 0x0042, 0x0042, 0x0042, 0x0042, 0x0042, 0x0042,
  0xFFFF, 0xFFFF, 0x0000, 0x0000, 0x5F26, 0x5F26, 0x0000, 0x0000, 0xFFFF, 0xFFFF, 0xFFFF, 0xFFFF,
  0x0042, 0x0042, 0x0042, 0x0042, 0xFFFF, 0xFFFF, 0x0000, 0x0000, 0x5F26, 0x5F26, 0x0000, 0x0000,
  0xFFFF, 0xFFFF, 0xFFFF, 0xFFFF, 0x5F26, 0x5F26, 0x5F26, 0x5F26, 0x5F26, 0x5F26, 0x5F26, 0x5F26,
  0xFC0E, 0xFC0E, 0x0042, 0x0042, 0x0042, 0x0042, 0x0042, 0x0042, 0x0042, 0x0042, 0x0042, 0x0042,
  0xFFFF, 0xFFFF, 0x0000, 0x0000, 0x5F26, 0x5F26, 0x0000, 0x0000, 0xFFFF, 0xFFFF, 0xFFFF, 0xFFFF,
  0x0042, 0x0042, 0x0042, 0x0042, 0xFFFF, 0xFFFF, 0x0000, 0x0000, 0x5F26, 0x5F26, 0x0000, 0x0000,
  0xFFFF, 0xFFFF, 0xFFFF, 0xFFFF, 0x5F26, 0x5F26, 0x5F26, 0x5F26, 0x5F26, 0x5F26, 0x5F26, 0x5F26,
  0xFC0E, 0xFC0E, 0x0042, 0x0042, 0x0042, 0x0042, 0x0042, 0x0042, 0x0042, 0x0042, 0x0042, 0x0042,
  0xFFFF, 0xFFFF, 0x0000, 0x0000, 0x5F26, 0x5F26, 0x0000, 0x0000, 0xFFFF, 0xFFFF, 0xFFFF, 0xFFFF,
  0x0042, 0x0042, 0x5F26, 0x5F26, 0xFFFF, 0xFFFF, 0x0000, 0x0000, 0x5F26, 0x5F26, 0x0000, 0x0000,
  0xFFFF, 0xFFFF, 0xFFFF, 0xFFFF, 0x5F26, 0x5F26, 0x5F26, 0x5F26, 0x5F26, 0x5F26, 0x5F26, 0x5F26,
  0x0042, 0x0042, 0x0042, 0x0042, 0x0042, 0x0042, 0x0042, 0x0042, 0x0042, 0x0042, 0x5F26, 0x5F26,
  0xFFFF, 0xFFFF, 0x0000, 0x0000, 0x5F26, 0x5F26, 0x0000, 0x0000, 0xFFFF, 0xFFFF, 0xFFFF, 0xFFFF,
  0x0042, 0x0042, 0x5F26, 0x5F26, 0xFFFF, 0xFFFF, 0x0000, 0x0000, 0x5F26, 0x5F26, 0x0000, 0x0000,
  0xFFFF, 0xFFFF, 0xFFFF, 0xFFFF, 0x5F26, 0x5F26, 0x5F26, 0x5F26, 0x5F26, 0x5F26, 0x5F26, 0x5F26,
  0x0042, 0x0042, 0x0042, 0x0042, 0x0042, 0x0042, 0x0042, 0x0042, 0x0042, 0x0042, 0x5F26, 0x5F26,
  0xFFFF, 0xFFFF, 0x0000, 0x0000, 0x5F26, 0x5F26, 0x0000, 0x0000, 0xFFFF, 0xFFFF, 0xFFFF, 0xFFFF,
  0x0042, 0x0042, 0x5F26, 0x5F26, 0xFFFF, 0xFFFF, 0x0000, 0x0000, 0x5F26, 0x5F26, 0x0000, 0x0000,
  0xFFFF, 0xFFFF, 0xFFFF, 0xFFFF, 0x5F26, 0x5F26, 0x5F26, 0x5F26, 0x5F26, 0x5F26, 0x5F26, 0x5F26,
  0xFC0E, 0xFC0E, 0xFC0E, 0xFC0E, 0x0042, 0x0042, 0x0042, 0x0042, 0x0042, 0x0042, 0x5F26, 0x5F26,
  0xFFFF, 0xFFFF, 0x0000, 0x0000, 0x5F26, 0x5F26, 0x0000, 0x0000, 0xFFFF, 0xFFFF, 0xFFFF, 0xFFFF,
  0x0042, 0x0042, 0x5F26, 0x5F26, 0xFFFF, 0xFFFF, 0x0000, 0x0000, 0x5F26, 0x5F26, 0x0000, 0x0000,
  0xFFFF, 0xFFFF, 0xFFFF, 0xFFFF, 0x5F26, 0x5F26, 0x5F26, 0x5F26, 0x5F26, 0x5F26, 0x5F26, 0x5F26,
  0xFC0E, 0xFC0E, 0xFC0E, 0xFC0E, 0x0042, 0x0042, 0x0042, 0x0042, 0x0042, 0x0042, 0x5F26, 0x5F26,
  0xFFFF, 0xFFFF, 0x0000, 0x0000, 0x5F26, 0x5F26, 0x0000, 0x0000, 0xFFFF, 0xFFFF, 0xFFFF, 0xFFFF,
  0x0042, 0x0042, 0x5F26, 0x5F26, 0x5F26, 0x5F26, 0xFFFF, 0xFFFF, 0x5F26, 0x5F26, 0xFFFF, 0xFFFF,
  0xFFFF, 0xFFFF, 0x5F26, 0x5F26, 0x5F26, 0x5F26, 0x5F26, 0x5F26, 0x5F26, 0x5F26, 0x5F26, 0x5F26,
  0xFC0E, 0xFC0E, 0x0042, 0x0042, 0x0042, 0x0042, 0x0042, 0x0042, 0x0042, 0x0042, 0x5F26, 0x5F26,
  0x5F26, 0x5F26, 0xFFFF, 0xFFFF, 0x5F26, 0x5F26, 0xFFFF, 0xFFFF, 0xFFFF, 0xFFFF, 0x5F26, 0x5F26,
  0x0042, 0x0042, 0x5F26, 0x5F26, 0x5F26, 0x5F26, 0xFFFF, 0xFFFF, 0x5F26, 0x5F26, 0xFFFF, 0xFFFF,
  0xFFFF, 0xFFFF, 0x5F26, 0x5F26, 0x5F26, 0x5F26, 0x5F26, 0x5F26, 0x5F26, 0x5F26, 0x5F26, 0x5F26,
  0xFC0E, 0xFC0E, 0x0042, 0x0042, 0x0042, 0x0042, 0x0042, 0x0042, 0x0042, 0x0042, 0x5F26, 0x5F26,
  0x5F26, 0x5F26, 0xFFFF, 0xFFFF, 0x5F26, 0x5F26, 0xFFFF, 0xFFFF, 0xFFFF, 0xFFFF, 0x5F26, 0x5F26,
  0x0042, 0x0042, 0x0042, 0x0042, 0x0000, 0x0000, 0x0000, 0x0000, 0xFFFF, 0xFFFF, 0x0000, 0x0000,
  0x0000, 0x0000, 0x0000, 0x0000, 0x5F26, 0x5F26, 0x5F26, 0x5F26, 0xFC0E, 0xFC0E, 0x5F26, 0x5F26,
  0x0042, 0x0042, 0x0042, 0x0042, 0x0042, 0x0042, 0x0042, 0x0042, 0x0042, 0x0042, 0x0042, 0x0042,
  0x0000, 0x0000, 0x0000, 0x0000, 0xFFFF, 0xFFFF, 0x0000, 0x0000, 0x0000, 0x0000, 0x0000, 0x0000,
  0x0042, 0x0042, 0x0042, 0x0042, 0x0000, 0x0000, 0x0000, 0x0000, 0xFFFF, 0xFFFF, 0x0000, 0x0000,
  0x0000, 0x0000, 0x0000, 0x0000, 0x5F26, 0x5F26, 0x5F26, 0x5F26, 0xFC0E, 0xFC0E, 0x5F26, 0x5F26,
  0x0042, 0x0042, 0x0042, 0x0042, 0x0042, 0x0042, 0x0042, 0x0042, 0x0042, 0x0042, 0x0042, 0x0042,
  0x0000, 0x0000, 0x0000, 0x0000, 0xFFFF, 0xFFFF, 0x0000, 0x0000, 0x0000, 0x0000, 0x0000, 0x0000,
  0x0042, 0x0042, 0x0042, 0x0042, 0x5F26, 0x5F26, 0x5F26, 0x5F26, 0x5F26, 0x5F26, 0x5F26, 0x5F26,
  0x5F26, 0x5F26, 0x5F26, 0x5F26, 0x5F26, 0x5F26, 0xFC0E, 0xFC0E, 0xFC0E, 0xFC0E, 0xFC0E, 0xFC0E,
  0x5F26, 0x5F26, 0x0042, 0x0042, 0x0042, 0x0042, 0x0042, 0x0042, 0x0042, 0x0042, 0x0042, 0x0042,
  0x5F26, 0x5F26, 0x5F26, 0x5F26, 0x5F26, 0x5F26, 0x5F26, 0x5F26, 0x5F26, 0x5F26, 0x5F26, 0x5F26,
  0x0042, 0x0042, 0x0042, 0x0042, 0x5F26, 0x5F26, 0x5F26, 0x5F26, 0x5F26, 0x5F26, 0x5F26, 0x5F26,
  0x5F26, 0x5F26, 0x5F26, 0x5F26, 0x5F26, 0x5F26, 0xFC0E, 0xFC0E, 0xFC0E, 0xFC0E, 0xFC0E, 0xFC0E,
  0x5F26, 0x5F26, 0x0042, 0x0042, 0x0042, 0x0042, 0x0042, 0x0042, 0x0042, 0x0042, 0x0042, 0x0042,
  0x5F26, 0x5F26, 0x5F26, 0x5F26, 0x5F26, 0x5F26, 0x5F26, 0x5F26, 0x5F26, 0x5F26, 0x5F26, 0x5F26,
  0x0042, 0x0042, 0x0042, 0x0042, 0x0042, 0x0042, 0xFFFF, 0xFFFF, 0xFFFF, 0xFFFF, 0xFFFF, 0xFFFF,
  0xFFFF, 0xFFFF, 0x5F26, 0x5F26, 0x5F26, 0x5F26, 0xFC0E, 0xFC0E, 0xFC0E, 0xFC0E, 0xFC0E, 0xFC0E,
  0x5F26, 0x5F26, 0x0042, 0x0042, 0x0042, 0x0042, 0x5F26, 0x5F26, 0x0042, 0x0042, 0x0042, 0x0042,
  0x0042, 0x0042, 0xFFFF, 0xFFFF, 0xFFFF, 0xFFFF, 0xFFFF, 0xFFFF, 0xFFFF, 0xFFFF, 0x5F26, 0x5F26,
  0x0042, 0x0042, 0x0042, 0x0042, 0x0042, 0x0042, 0xFFFF, 0xFFFF, 0xFFFF, 0xFFFF, 0xFFFF, 0xFFFF,
  0xFFFF, 0xFFFF, 0x5F26, 0x5F26, 0x5F26, 0x5F26, 0xFC0E, 0xFC0E, 0xFC0E, 0xFC0E, 0xFC0E, 0xFC0E,
  0x5F26, 0x5F26, 0x0042, 0x0042, 0x0042, 0x0042, 0x5F26, 0x5F26, 0x0042, 0x0042, 0x0042, 0x0042,
  0x0042, 0x0042, 0xFFFF, 0xFFFF, 0xFFFF, 0xFFFF, 0xFFFF, 0xFFFF, 0xFFFF, 0xFFFF, 0x5F26, 0x5F26,
  0x0042, 0x0042, 0x0042, 0x0042, 0xFFFF, 0xFFFF, 0xFFFF, 0xFFFF, 0xFFFF, 0xFFFF, 0xFC0E, 0xFC0E,
  0xFC0E, 0xFC0E, 0xFFFF, 0xFFFF, 0x5F26, 0x5F26, 0x5F26, 0x5F26, 0xFC0E, 0xFC0E, 0xFC0E, 0xFC0E,
  0x5F26, 0x5F26, 0xFC0E, 0xFC0E, 0xFC0E, 0xFC0E, 0x5F26, 0x5F26, 0x0042, 0x0042, 0x0042, 0x0042,
  0xFFFF, 0xFFFF, 0xFFFF, 0xFFFF, 0xFFFF, 0xFFFF, 0xFFFF, 0xFFFF, 0xFFFF, 0xFFFF, 0xFFFF, 0xFFFF,
  0x0042, 0x0042, 0x0042, 0x0042, 0xFFFF, 0xFFFF, 0xFFFF, 0xFFFF, 0xFFFF, 0xFFFF, 0xFC0E, 0xFC0E,
  0xFC0E, 0xFC0E, 0xFFFF, 0xFFFF, 0x5F26, 0x5F26, 0x5F26, 0x5F26, 0xFC0E, 0xFC0E, 0xFC0E, 0xFC0E,
  0x5F26, 0x5F26, 0xFC0E, 0xFC0E, 0xFC0E, 0xFC0E, 0x5F26, 0x5F26, 0x0042, 0x0042, 0x0042, 0x0042,
  0xFFFF, 0xFFFF, 0xFFFF, 0xFFFF, 0xFFFF, 0xFFFF, 0xFFFF, 0xFFFF, 0xFFFF, 0xFFFF, 0xFFFF, 0xFFFF,
  0x0042, 0x0042, 0x0042, 0x0042, 0xFFFF, 0xFFFF, 0xFFFF, 0xFFFF, 0xFC0E, 0xFC0E, 0xFC0E, 0xFC0E,
  0xFC0E, 0xFC0E, 0xFC0E, 0xFC0E, 0xFC0E, 0xFC0E, 0x5F26, 0x5F26, 0x5F26, 0x5F26, 0x5F26, 0x5F26,
  0x5F26, 0x5F26, 0x5F26, 0x5F26, 0x5F26, 0x5F26, 0x0042, 0x0042, 0x0042, 0x0042, 0x0042, 0x0042,
  0xFFFF, 0xFFFF, 0xFFFF, 0xFFFF, 0xFFFF, 0xFFFF, 0xFFFF, 0xFFFF, 0xFFFF, 0xFFFF, 0xFC0E, 0xFC0E,
  0x0042, 0x0042, 0x0042, 0x0042, 0xFFFF, 0xFFFF, 0xFFFF, 0xFFFF, 0xFC0E, 0xFC0E, 0xFC0E, 0xFC0E,
  0xFC0E, 0xFC0E, 0xFC0E, 0xFC0E, 0xFC0E, 0xFC0E, 0x5F26, 0x5F26, 0x5F26, 0x5F26, 0x5F26, 0x5F26,
  0x5F26, 0x5F26, 0x5F26, 0x5F26, 0x5F26, 0x5F26, 0x0042, 0x0042, 0x0042, 0x0042, 0x0042, 0x0042,
  0xFFFF, 0xFFFF, 0xFFFF, 0xFFFF, 0xFFFF, 0xFFFF, 0xFFFF, 0xFFFF, 0xFFFF, 0xFFFF, 0xFC0E, 0xFC0E,
  0x0042, 0x0042, 0xFC0E, 0xFC0E, 0xFC0E, 0xFC0E, 0xFFFF, 0xFFFF, 0xFFFF, 0xFFFF, 0xFC0E, 0xFC0E,
  0xFC0E, 0xFC0E, 0xFC0E, 0xFC0E, 0xFC0E, 0xFC0E, 0xFC0E, 0xFC0E, 0x5F26, 0x5F26, 0x5F26, 0x5F26,
  0x5F26, 0x5F26, 0x5F26, 0x5F26, 0x0042, 0x0042, 0x0042, 0x0042, 0xFC0E, 0xFC0E, 0xFC0E, 0xFC0E,
  0xFC0E, 0xFC0E, 0xFFFF, 0xFFFF, 0xFFFF, 0xFFFF, 0xFFFF, 0xFFFF, 0xFC0E, 0xFC0E, 0xFC0E, 0xFC0E,
  0x0042, 0x0042, 0xFC0E, 0xFC0E, 0xFC0E, 0xFC0E, 0xFFFF, 0xFFFF, 0xFFFF, 0xFFFF, 0xFC0E, 0xFC0E,
  0xFC0E, 0xFC0E, 0xFC0E, 0xFC0E, 0xFC0E, 0xFC0E, 0xFC0E, 0xFC0E, 0x5F26, 0x5F26, 0x5F26, 0x5F26,
  0x5F26, 0x5F26, 0x5F26, 0x5F26, 0x0042, 0x0042, 0x0042, 0x0042, 0xFC0E, 0xFC0E, 0xFC0E, 0xFC0E,
  0xFC0E, 0xFC0E, 0xFFFF, 0xFFFF, 0xFFFF, 0xFFFF, 0xFFFF, 0xFFFF, 0xFC0E, 0xFC0E, 0xFC0E, 0xFC0E,
};

const int BB_SPR_BUB_JUMP_R_W = 48;
const int BB_SPR_BUB_JUMP_R_H = 32;
const uint16_t BB_SPR_BUB_JUMP_R[1536] PROGMEM = {
  0xFC0E, 0xFC0E, 0x0042, 0x0042, 0x0042, 0x0042, 0x0042, 0x0042, 0x0042, 0x0042, 0x0042, 0x0042,
  0x0042, 0x0042, 0x0042, 0x0042, 0x0042, 0x0042, 0x0042, 0x0042, 0x0042, 0x0042, 0x0042, 0x0042,
  0x0042, 0x0042, 0x0042, 0x0042, 0x0042, 0x0042, 0xFC0E, 0xFC0E, 0xFC0E, 0xFC0E, 0x0042, 0x0042,
  0x0042, 0x0042, 0x0042, 0x0042, 0x0042, 0x0042, 0x0042, 0x0042, 0x0042, 0x0042, 0x0042, 0x0042,
  0xFC0E, 0xFC0E, 0x0042, 0x0042, 0x0042, 0x0042, 0x0042, 0x0042, 0x0042, 0x0042, 0x0042, 0x0042,
  0x0042, 0x0042, 0x0042, 0x0042, 0x0042, 0x0042, 0x0042, 0x0042, 0x0042, 0x0042, 0x0042, 0x0042,
  0x0042, 0x0042, 0x0042, 0x0042, 0x0042, 0x0042, 0xFC0E, 0xFC0E, 0xFC0E, 0xFC0E, 0x0042, 0x0042,
  0x0042, 0x0042, 0x0042, 0x0042, 0x0042, 0x0042, 0x0042, 0x0042, 0x0042, 0x0042, 0x0042, 0x0042,
  0x5F26, 0x5F26, 0x5F26, 0x5F26, 0x0042, 0x0042, 0x0042, 0x0042, 0x0042, 0x0042, 0x0042, 0x0042,
  0x0042, 0x0042, 0x0042, 0x0042, 0x0042, 0x0042, 0x0042, 0x0042, 0x0042, 0x0042, 0x0042, 0x0042,
  0x0042, 0x0042, 0x0042, 0x0042, 0x5F26, 0x5F26, 0x5F26, 0x5F26, 0x5F26, 0x5F26, 0x5F26, 0x5F26,
  0x0042, 0x0042, 0x0042, 0x0042, 0x0042, 0x0042, 0x0042, 0x0042, 0x0042, 0x0042, 0x0042, 0x0042,
  0x5F26, 0x5F26, 0x5F26, 0x5F26, 0x0042, 0x0042, 0x0042, 0x0042, 0x0042, 0x0042, 0x0042, 0x0042,
  0x0042, 0x0042, 0x0042, 0x0042, 0x0042, 0x0042, 0x0042, 0x0042, 0x0042, 0x0042, 0x0042, 0x0042,
  0x0042, 0x0042, 0x0042, 0x0042, 0x5F26, 0x5F26, 0x5F26, 0x5F26, 0x5F26, 0x5F26, 0x5F26, 0x5F26,
  0x0042, 0x0042, 0x0042, 0x0042, 0x0042, 0x0042, 0x0042, 0x0042, 0x0042, 0x0042, 0x0042, 0x0042,
  0x5F26, 0x5F26, 0x5F26, 0x5F26, 0x5F26, 0x5F26, 0x5F26, 0x5F26, 0x0042, 0x0042, 0x0042, 0x0042,
  0x0042, 0x0042, 0x0042, 0x0042, 0x0042, 0x0042, 0x0042, 0x0042, 0x0042, 0x0042, 0x0042, 0x0042,
  0x5F26, 0x5F26, 0x5F26, 0x5F26, 0x5F26, 0x5F26, 0x5F26, 0x5F26, 0x5F26, 0x5F26, 0x5F26, 0x5F26,
  0x5F26, 0x5F26, 0x5F26, 0x5F26, 0x0042, 0x0042, 0x0042, 0x0042, 0x0042, 0x0042, 0x0042, 0x0042,
  0x5F26, 0x5F26, 0x5F26, 0x5F26, 0x5F26, 0x5F26, 0x5F26, 0x5F26, 0x0042, 0x0042, 0x0042, 0x0042,
  0x0042, 0x0042, 0x0042, 0x0042, 0x0042, 0x0042, 0x0042, 0x0042, 0x0042, 0x0042, 0x0042, 0x0042,
  0x5F26, 0x5F26, 0x5F26, 0x5F26, 0x5F26, 0x5F26, 0x5F26, 0x5F26, 0x5F26, 0x5F26, 0x5F26, 0x5F26,
  0x5F26, 0x5F26, 0x5F26, 0x5F26, 0x0042, 0x0042, 0x0042, 0x0042, 0x0042, 0x0042, 0x0042, 0x0042,
  0x5F26, 0x5F26, 0xFFFF, 0xFFFF, 0xFFFF, 0xFFFF, 0x5F26, 0x5F26, 0x0042, 0x0042, 0x0042, 0x0042,
  0x0042, 0x0042, 0x0042, 0x0042, 0x0042, 0x0042, 0x0042, 0x0042, 0x0042, 0x0042, 0x0042, 0x0042,
  0x5F26, 0x5F26, 0x5F26, 0x5F26, 0xFFFF, 0xFFFF, 0x0000, 0x0000, 0x5F26, 0x5F26, 0x0000, 0x0000,
  0xFFFF, 0xFFFF, 0x5F26, 0x5F26, 0x0042, 0x0042, 0x0042, 0x0042, 0x0042, 0x0042, 0x0042, 0x0042,
  0x5F26, 0x5F26, 0xFFFF, 0xFFFF, 0xFFFF, 0xFFFF, 0x5F26, 0x5F26, 0x0042, 0x0042, 0x0042, 0x0042,
  0x0042, 0x0042, 0x0042, 0x0042, 0x0042, 0x0042, 0x0042, 0x0042, 0x0042, 0x0042, 0x0042, 0x0042,
  0x5F26, 0x5F26, 0x5F26, 0x5F26, 0xFFFF, 0xFFFF, 0x0000, 0x0000, 0x5F26, 0x5F26, 0x0000, 0x0000,
  0xFFFF, 0xFFFF, 0x5F26, 0x5F26, 0x0042, 0x0042, 0x0042, 0x0042, 0x0042, 0x0042, 0x0042, 0x0042,
  0x5F26, 0x5F26, 0x0000, 0x0000, 0xFFFF, 0xFFFF, 0xFFFF, 0xFFFF, 0x5F26, 0x5F26, 0x0042, 0x0042,
  0x0042, 0x0042, 0x0042, 0x0042, 0x0042, 0x0042, 0x0042, 0x0042, 0x0042, 0x0042, 0x5F26, 0x5F26,
  0x5F26, 0x5F26, 0xFFFF, 0xFFFF, 0xFFFF, 0xFFFF, 0x0000, 0x0000, 0x5F26, 0x5F26, 0x0000, 0x0000,
  0xFFFF, 0xFFFF, 0xFFFF, 0xFFFF, 0x5F26, 0x5F26, 0x0042, 0x0042, 0x0042, 0x0042, 0x0042, 0x0042,
  0x5F26, 0x5F26, 0x0000, 0x0000, 0xFFFF, 0xFFFF, 0xFFFF, 0xFFFF, 0x5F26, 0x5F26, 0x0042, 0x0042,
  0x0042, 0x0042, 0x0042, 0x0042, 0x0042, 0x0042, 0x0042, 0x0042, 0x0042, 0x0042, 0x5F26, 0x5F26,
  0x5F26, 0x5F26, 0xFFFF, 0xFFFF, 0xFFFF, 0xFFFF, 0x0000, 0x0000, 0x5F26, 0x5F26, 0x0000, 0x0000,
  0xFFFF, 0xFFFF, 0xFFFF, 0xFFFF, 0x5F26, 0x5F26, 0x0042, 0x0042, 0x0042, 0x0042, 0x0042, 0x0042,
  0x5F26, 0x5F26, 0x0000, 0x0000, 0xFFFF, 0xFFFF, 0xFFFF, 0xFFFF, 0x5F26, 0x5F26, 0x0042, 0x0042,
  0x0042, 0x0042, 0x0042, 0x0042, 0x0042, 0x0042, 0x0042, 0x0042, 0x0042, 0x0042, 0x5F26, 0x5F26,
  0x5F26, 0x5F26, 0xFFFF, 0xFFFF, 0xFFFF, 0xFFFF, 0x0000, 0x0000, 0x5F26, 0x5F26, 0x0000, 0x0000,
  0xFFFF, 0xFFFF, 0xFFFF, 0xFFFF, 0x5F26, 0x5F26, 0x0042, 0x0042, 0x0042, 0x0042, 0x0042, 0x0042,
  0x5F26, 0x5F26, 0x0000, 0x0000, 0xFFFF, 0xFFFF, 0xFFFF, 0xFFFF, 0x5F26, 0x5F26, 0x0042, 0x0042,
  0x0042, 0x0042, 0x0042, 0x0042, 0x0042, 0x0042, 0x0042, 0x0042, 0x0042, 0x0042, 0x5F26, 0x5F26,
  0x5F26, 0x5F26, 0xFFFF, 0xFFFF, 0xFFFF, 0xFFFF, 0x0000, 0x0000, 0x5F26, 0x5F26, 0x0000, 0x0000,
  0xFFFF, 0xFFFF, 0xFFFF, 0xFFFF, 0x5F26, 0x5F26, 0x0042, 0x0042, 0x0042, 0x0042, 0x0042, 0x0042,
  0x5F26, 0x5F26, 0x0000, 0x0000, 0xFFFF, 0xFFFF, 0xFFFF, 0xFFFF, 0xFC0E, 0xFC0E, 0x0042, 0x0042,
  0x0042, 0x0042, 0x0042, 0x0042, 0x0042, 0x0042, 0x0042, 0x0042, 0x0042, 0x0042, 0x5F26, 0x5F26,
  0xFC0E, 0xFC0E, 0xFFFF, 0xFFFF, 0xFFFF, 0xFFFF, 0xFFFF, 0xFFFF, 0x5F26, 0x5F26, 0xFFFF, 0xFFFF,
  0xFFFF, 0xFFFF, 0xFFFF, 0xFFFF, 0xFC0E, 0xFC0E, 0x5F26, 0x5F26, 0x0042, 0x0042, 0x0042, 0x0042,
  0x5F26, 0x5F26, 0x0000, 0x0000, 0xFFFF, 0xFFFF, 0xFFFF, 0xFFFF, 0xFC0E, 0xFC0E, 0x0042, 0x0042,
  0x0042, 0x0042, 0x0042, 0x0042, 0x0042, 0x0042, 0x0042, 0x0042, 0x0042, 0x0042, 0x5F26, 0x5F26,
  0xFC0E, 0xFC0E, 0xFFFF, 0xFFFF, 0xFFFF, 0xFFFF, 0xFFFF, 0xFFFF, 0x5F26, 0x5F26, 0xFFFF, 0xFFFF,
  0xFFFF, 0xFFFF, 0xFFFF, 0xFFFF, 0xFC0E, 0xFC0E, 0x5F26, 0x5F26, 0x0042, 0x0042, 0x0042, 0x0042,
  0x5F26, 0x5F26, 0xFFFF, 0xFFFF, 0xFFFF, 0xFFFF, 0xFFFF, 0xFFFF, 0xFC0E, 0xFC0E, 0xFC0E, 0xFC0E,
  0x0042, 0x0042, 0x0042, 0x0042, 0x0042, 0x0042, 0x0042, 0x0042, 0x5F26, 0x5F26, 0x0000, 0x0000,
  0xFC0E, 0xFC0E, 0xFFFF, 0xFFFF, 0xFFFF, 0xFFFF, 0xFFFF, 0xFFFF, 0x5F26, 0x5F26, 0xFFFF, 0xFFFF,
  0xFFFF, 0xFFFF, 0xFFFF, 0xFFFF, 0xFC0E, 0xFC0E, 0xFC0E, 0xFC0E, 0x0042, 0x0042, 0x0042, 0x0042,
  0x5F26, 0x5F26, 0xFFFF, 0xFFFF, 0xFFFF, 0xFFFF, 0xFFFF, 0xFFFF, 0xFC0E, 0xFC0E, 0xFC0E, 0xFC0E,
  0x0042, 0x0042, 0x0042, 0x0042, 0x0042, 0x0042, 0x0042, 0x0042, 0x5F26, 0x5F26, 0x0000, 0x0000,
  0xFC0E, 0xFC0E, 0xFFFF, 0xFFFF, 0xFFFF, 0xFFFF, 0xFFFF, 0xFFFF, 0x5F26, 0x5F26, 0xFFFF, 0xFFFF,
  0xFFFF, 0xFFFF, 0xFFFF, 0xFFFF, 0xFC0E, 0xFC0E, 0xFC0E, 0xFC0E, 0x0042, 0x0042, 0x0042, 0x0042,
  0x5F26, 0x5F26, 0xFFFF, 0xFFFF, 0xFFFF, 0xFFFF, 0x5F26, 0x5F26, 0xFC0E, 0xFC0E, 0x0000, 0x0000,
  0x0042, 0x0042, 0x0042, 0x0042, 0x0042, 0x0042, 0x0042, 0x0042, 0x5F26, 0x5F26, 0x0000, 0x0000,
  0xFC0E, 0xFC0E, 0x5F26, 0x5F26, 0xFFFF, 0xFFFF, 0xFFFF, 0xFFFF, 0x5F26, 0x5F26, 0xFFFF, 0xFFFF,
  0xFFFF, 0xFFFF, 0x5F26, 0x5F26, 0xFC0E, 0xFC0E, 0x5F26, 0x5F26, 0x0042, 0x0042, 0x0042, 0x0042,
  0x5F26, 0x5F26, 0xFFFF, 0xFFFF, 0xFFFF, 0xFFFF, 0x5F26, 0x5F26, 0xFC0E, 0xFC0E, 0x0000, 0x0000,
  0x0042, 0x0042, 0x0042, 0x0042, 0x0042, 0x0042, 0x0042, 0x0042, 0x5F26, 0x5F26, 0x0000, 0x0000,
  0xFC0E, 0xFC0E, 0x5F26, 0x5F26, 0xFFFF, 0xFFFF, 0xFFFF, 0xFFFF, 0x5F26, 0x5F26, 0xFFFF, 0xFFFF,
  0xFFFF, 0xFFFF, 0x5F26, 0x5F26, 0xFC0E, 0xFC0E, 0x5F26, 0x5F26, 0x0042, 0x0042, 0x0042, 0x0042,
  0x0000, 0x0000, 0x0000, 0x0000, 0x0000, 0x0000, 0x0000, 0x0000, 0x0000, 0x0000, 0x0000, 0x0000,
  0x0042, 0x0042, 0x0042, 0x0042, 0x0042, 0x0042, 0x0042, 0x0042, 0x0042, 0x0042, 0x5F26, 0x5F26,
  0x0000, 0x0000, 0x0000, 0x0000, 0x0000, 0x0000, 0x0000, 0x0000, 0x0000, 0x0000, 0x0000, 0x0000,
  0x0000, 0x0000, 0x0000, 0x0000, 0x0000, 0x0000, 0x0000, 0x0000, 0x0042, 0x0042, 0x0042, 0x0042,
  0x0000, 0x0000, 0x0000, 0x0000, 0x0000, 0x0000, 0x0000, 0x0000, 0x0000, 0x0000, 0x0000, 0x0000,
  0x0042, 0x0042, 0x0042, 0x0042, 0x0042, 0x0042, 0x0042, 0x0042, 0x0042, 0x0042, 0x5F26, 0x5F26,
  0x0000, 0x0000, 0x0000, 0x0000, 0x0000, 0x0000, 0x0000, 0x0000, 0x0000, 0x0000, 0x0000, 0x0000,
  0x0000, 0x0000, 0x0000, 0x0000, 0x0000, 0x0000, 0x0000, 0x0000, 0x0042, 0x0042, 0x0042, 0x0042,
  0x5F26, 0x5F26, 0x5F26, 0x5F26, 0x5F26, 0x5F26, 0x5F26, 0x5F26, 0x5F26, 0x5F26, 0xFC0E, 0xFC0E,
  0xFC0E, 0xFC0E, 0x0042, 0x0042, 0x0042, 0x0042, 0x0042, 0x0042, 0xFC0E, 0xFC0E, 0xFC0E, 0xFC0E,
  0xFC0E, 0xFC0E, 0x5F26, 0x5F26, 0x5F26, 0x5F26, 0x5F26, 0x5F26, 0x5F26, 0x5F26, 0x5F26, 0x5F26,
  0x5F26, 0x5F26, 0x5F26, 0x5F26, 0x5F26, 0x5F26, 0x0042, 0x0042, 0xFC0E, 0xFC0E, 0x0042, 0x0042,
  0x5F26, 0x5F26, 0x5F26, 0x5F26, 0x5F26, 0x5F26, 0x5F26, 0x5F26, 0x5F26, 0x5F26, 0xFC0E, 0xFC0E,
  0xFC0E, 0xFC0E, 0x0042, 0x0042, 0x0042, 0x0042, 0x0042, 0x0042, 0xFC0E, 0xFC0E, 0xFC0E, 0xFC0E,
  0xFC0E, 0xFC0E, 0x5F26, 0x5F26, 0x5F26, 0x5F26, 0x5F26, 0x5F26, 0x5F26, 0x5F26, 0x5F26, 0x5F26,
  0x5F26, 0x5F26, 0x5F26, 0x5F26, 0x5F26, 0x5F26, 0x0042, 0x0042, 0xFC0E, 0xFC0E, 0x0042, 0x0042,
  0xFFFF, 0xFFFF, 0xFFFF, 0xFFFF, 0x5F26, 0x5F26, 0x5F26, 0x5F26, 0xFC0E, 0xFC0E, 0xFC0E, 0xFC0E,
  0xFC0E, 0xFC0E, 0xFC0E, 0xFC0E, 0x0042, 0x0042, 0xFC0E, 0xFC0E, 0xFC0E, 0xFC0E, 0xFC0E, 0xFC0E,
  0xFC0E, 0xFC0E, 0x5F26, 0x5F26, 0xFFFF, 0xFFFF, 0xFFFF, 0xFFFF, 0xFFFF, 0xFFFF, 0xFFFF, 0xFFFF,
  0xFFFF, 0xFFFF, 0x5F26, 0x5F26, 0xFC0E, 0xFC0E, 0xFC0E, 0xFC0E, 0xFC0E, 0xFC0E, 0x0042, 0x0042,
  0xFFFF, 0xFFFF, 0xFFFF, 0xFFFF, 0x5F26, 0x5F26, 0x5F26, 0x5F26, 0xFC0E, 0xFC0E, 0xFC0E, 0xFC0E,
  0xFC0E, 0xFC0E, 0xFC0E, 0xFC0E, 0x0042, 0x0042, 0xFC0E, 0xFC0E, 0xFC0E, 0xFC0E, 0xFC0E, 0xFC0E,
  0xFC0E, 0xFC0E, 0x5F26, 0x5F26, 0xFFFF, 0xFFFF, 0xFFFF, 0xFFFF, 0xFFFF, 0xFFFF, 0xFFFF, 0xFFFF,
  0xFFFF, 0xFFFF, 0x5F26, 0x5F26, 0xFC0E, 0xFC0E, 0xFC0E, 0xFC0E, 0xFC0E, 0xFC0E, 0x0042, 0x0042,
  0xFFFF, 0xFFFF, 0xFFFF, 0xFFFF, 0xFFFF, 0xFFFF, 0x5F26, 0x5F26, 0x5F26, 0x5F26, 0xFC0E, 0xFC0E,
  0xFC0E, 0xFC0E, 0x0042, 0x0042, 0x0042, 0x0042, 0x0042, 0x0042, 0xFC0E, 0xFC0E, 0xFC0E, 0xFC0E,
  0x5F26, 0x5F26, 0xFFFF, 0xFFFF, 0xFFFF, 0xFFFF, 0xFFFF, 0xFFFF, 0xFFFF, 0xFFFF, 0xFFFF, 0xFFFF,
  0xFFFF, 0xFFFF, 0xFFFF, 0xFFFF, 0x5F26, 0x5F26, 0xFC0E, 0xFC0E, 0x0042, 0x0042, 0x0042, 0x0042,
  0xFFFF, 0xFFFF, 0xFFFF, 0xFFFF, 0xFFFF, 0xFFFF, 0x5F26, 0x5F26, 0x5F26, 0x5F26, 0xFC0E, 0xFC0E,
  0xFC0E, 0xFC0E, 0x0042, 0x0042, 0x0042, 0x0042, 0x0042, 0x0042, 0xFC0E, 0xFC0E, 0xFC0E, 0xFC0E,
  0x5F26, 0x5F26, 0xFFFF, 0xFFFF, 0xFFFF, 0xFFFF, 0xFFFF, 0xFFFF, 0xFFFF, 0xFFFF, 0xFFFF, 0xFFFF,
  0xFFFF, 0xFFFF, 0xFFFF, 0xFFFF, 0x5F26, 0x5F26, 0xFC0E, 0xFC0E, 0x0042, 0x0042, 0x0042, 0x0042,
  0xFFFF, 0xFFFF, 0xFC0E, 0xFC0E, 0xFC0E, 0xFC0E, 0xFC0E, 0xFC0E, 0x5F26, 0x5F26, 0x0042, 0x0042,
  0x0042, 0x0042, 0x0042, 0x0042, 0x0042, 0x0042, 0x0042, 0x0042, 0x5F26, 0x5F26, 0x5F26, 0x5F26,
  0xFC0E, 0xFC0E, 0xFC0E, 0xFC0E, 0xFC0E, 0xFC0E, 0xFFFF, 0xFFFF, 0xFFFF, 0xFFFF, 0xFFFF, 0xFFFF,
  0xFC0E, 0xFC0E, 0xFC0E, 0xFC0E, 0xFC0E, 0xFC0E, 0x0042, 0x0042, 0x0042, 0x0042, 0x0042, 0x0042,
  0xFFFF, 0xFFFF, 0xFC0E, 0xFC0E, 0xFC0E, 0xFC0E, 0xFC0E, 0xFC0E, 0x5F26, 0x5F26, 0x0042, 0x0042,
  0x0042, 0x0042, 0x0042, 0x0042, 0x0042, 0x0042, 0x0042, 0x0042, 0x5F26, 0x5F26, 0x5F26, 0x5F26,
  0xFC0E, 0xFC0E, 0xFC0E, 0xFC0E, 0xFC0E, 0xFC0E, 0xFFFF, 0xFFFF, 0xFFFF, 0xFFFF, 0xFFFF, 0xFFFF,
  0xFC0E, 0xFC0E, 0xFC0E, 0xFC0E, 0xFC0E, 0xFC0E, 0x0042, 0x0042, 0x0042, 0x0042, 0x0042, 0x0042,
  0xFC0E, 0xFC0E, 0xFC0E, 0xFC0E, 0xFC0E, 0xFC0E, 0xFC0E, 0xFC0E, 0xFC0E, 0xFC0E, 0x0042, 0x0042,
  0x0042, 0x0042, 0x0042, 0x0042, 0x0042, 0x0042, 0x0042, 0x0042, 0x0042, 0x0042, 0xFC0E, 0xFC0E,
  0xFC0E, 0xFC0E, 0xFC0E, 0xFC0E, 0xFC0E, 0xFC0E, 0xFC0E, 0xFC0E, 0xFFFF, 0xFFFF, 0xFC0E, 0xFC0E,
  0xFC0E, 0xFC0E, 0xFC0E, 0xFC0E, 0xFC0E, 0xFC0E, 0xFC0E, 0xFC0E, 0x0042, 0x0042, 0x0042, 0x0042,
  0xFC0E, 0xFC0E, 0xFC0E, 0xFC0E, 0xFC0E, 0xFC0E, 0xFC0E, 0xFC0E, 0xFC0E, 0xFC0E, 0x0042, 0x0042,
  0x0042, 0x0042, 0x0042, 0x0042, 0x0042, 0x0042, 0x0042, 0x0042, 0x0042, 0x0042, 0xFC0E, 0xFC0E,
  0xFC0E, 0xFC0E, 0xFC0E, 0xFC0E, 0xFC0E, 0xFC0E, 0xFC0E, 0xFC0E, 0xFFFF, 0xFFFF, 0xFC0E, 0xFC0E,
  0xFC0E, 0xFC0E, 0xFC0E, 0xFC0E, 0xFC0E, 0xFC0E, 0xFC0E, 0xFC0E, 0x0042, 0x0042, 0x0042, 0x0042,
  0x0042, 0x0042, 0x0042, 0x0042, 0x0042, 0x0042, 0x0042, 0x0042, 0x0042, 0x0042, 0x0042, 0x0042,
  0x0042, 0x0042, 0x0042, 0x0042, 0x0042, 0x0042, 0x0042, 0x0042, 0x0042, 0x0042, 0x0042, 0x0042,
  0x0042, 0x0042, 0x0042, 0x0042, 0x0042, 0x0042, 0x0042, 0x0042, 0x0042, 0x0042, 0xFC0E, 0xFC0E,
  0xFC0E, 0xFC0E, 0xFC0E, 0xFC0E, 0xFC0E, 0xFC0E, 0x0042, 0x0042, 0x0042, 0x0042, 0x0042, 0x0042,
  0x0042, 0x0042, 0x0042, 0x0042, 0x0042, 0x0042, 0x0042, 0x0042, 0x0042, 0x0042, 0x0042, 0x0042,
  0x0042, 0x0042, 0x0042, 0x0042, 0x0042, 0x0042, 0x0042, 0x0042, 0x0042, 0x0042, 0x0042, 0x0042,
  0x0042, 0x0042, 0x0042, 0x0042, 0x0042, 0x0042, 0x0042, 0x0042, 0x0042, 0x0042, 0xFC0E, 0xFC0E,
  0xFC0E, 0xFC0E, 0xFC0E, 0xFC0E, 0xFC0E, 0xFC0E, 0x0042, 0x0042, 0x0042, 0x0042, 0x0042, 0x0042,
};

const int BB_SPR_BUB_JUMP_L_W = 48;
const int BB_SPR_BUB_JUMP_L_H = 32;
const uint16_t BB_SPR_BUB_JUMP_L[1536] PROGMEM = {
  0x0042, 0x0042, 0x0042, 0x0042, 0x0042, 0x0042, 0x0042, 0x0042, 0x0042, 0x0042, 0x0042, 0x0042,
  0x0042, 0x0042, 0xFC0E, 0xFC0E, 0xFC0E, 0xFC0E, 0x0042, 0x0042, 0x0042, 0x0042, 0x0042, 0x0042,
  0x0042, 0x0042, 0x0042, 0x0042, 0x0042, 0x0042, 0x0042, 0x0042, 0x0042, 0x0042, 0x0042, 0x0042,
  0x0042, 0x0042, 0x0042, 0x0042, 0x0042, 0x0042, 0x0042, 0x0042, 0x0042, 0x0042, 0xFC0E, 0xFC0E,
  0x0042, 0x0042, 0x0042, 0x0042, 0x0042, 0x0042, 0x0042, 0x0042, 0x0042, 0x0042, 0x0042, 0x0042,
  0x0042, 0x0042, 0xFC0E, 0xFC0E, 0xFC0E, 0xFC0E, 0x0042, 0x0042, 0x0042, 0x0042, 0x0042, 0x0042,
  0x0042, 0x0042, 0x0042, 0x0042, 0x0042, 0x0042, 0x0042, 0x0042, 0x0042, 0x0042, 0x0042, 0x0042,
  0x0042, 0x0042, 0x0042, 0x0042, 0x0042, 0x0042, 0x0042, 0x0042, 0x0042, 0x0042, 0xFC0E, 0xFC0E,
  0x0042, 0x0042, 0x0042, 0x0042, 0x0042, 0x0042, 0x0042, 0x0042, 0x0042, 0x0042, 0x0042, 0x0042,
  0x5F26, 0x5F26, 0x5F26, 0x5F26, 0x5F26, 0x5F26, 0x5F26, 0x5F26, 0x0042, 0x0042, 0x0042, 0x0042,
  0x0042, 0x0042, 0x0042, 0x0042, 0x0042, 0x0042, 0x0042, 0x0042, 0x0042, 0x0042, 0x0042, 0x0042,
  0x0042, 0x0042, 0x0042, 0x0042, 0x0042, 0x0042, 0x0042, 0x0042, 0x5F26, 0x5F26, 0x5F26, 0x5F26,
  0x0042, 0x0042, 0x0042, 0x0042, 0x0042, 0x0042, 0x0042, 0x0042, 0x0042, 0x0042, 0x0042, 0x0042,
  0x5F26, 0x5F26, 0x5F26, 0x5F26, 0x5F26, 0x5F26, 0x5F26, 0x5F26, 0x0042, 0x0042, 0x0042, 0x0042,
  0x0042, 0x0042, 0x0042, 0x0042, 0x0042, 0x0042, 0x0042, 0x0042, 0x0042, 0x0042, 0x0042, 0x0042,
  0x0042, 0x0042, 0x0042, 0x0042, 0x0042, 0x0042, 0x0042, 0x0042, 0x5F26, 0x5F26, 0x5F26, 0x5F26,
  0x0042, 0x0042, 0x0042, 0x0042, 0x0042, 0x0042, 0x0042, 0x0042, 0x5F26, 0x5F26, 0x5F26, 0x5F26,
  0x5F26, 0x5F26, 0x5F26, 0x5F26, 0x5F26, 0x5F26, 0x5F26, 0x5F26, 0x5F26, 0x5F26, 0x5F26, 0x5F26,
  0x0042, 0x0042, 0x0042, 0x0042, 0x0042, 0x0042, 0x0042, 0x0042, 0x0042, 0x0042, 0x0042, 0x0042,
  0x0042, 0x0042, 0x0042, 0x0042, 0x5F26, 0x5F26, 0x5F26, 0x5F26, 0x5F26, 0x5F26, 0x5F26, 0x5F26,
  0x0042, 0x0042, 0x0042, 0x0042, 0x0042, 0x0042, 0x0042, 0x0042, 0x5F26, 0x5F26, 0x5F26, 0x5F26,
  0x5F26, 0x5F26, 0x5F26, 0x5F26, 0x5F26, 0x5F26, 0x5F26, 0x5F26, 0x5F26, 0x5F26, 0x5F26, 0x5F26,
  0x0042, 0x0042, 0x0042, 0x0042, 0x0042, 0x0042, 0x0042, 0x0042, 0x0042, 0x0042, 0x0042, 0x0042,
  0x0042, 0x0042, 0x0042, 0x0042, 0x5F26, 0x5F26, 0x5F26, 0x5F26, 0x5F26, 0x5F26, 0x5F26, 0x5F26,
  0x0042, 0x0042, 0x0042, 0x0042, 0x0042, 0x0042, 0x0042, 0x0042, 0x5F26, 0x5F26, 0xFFFF, 0xFFFF,
  0x0000, 0x0000, 0x5F26, 0x5F26, 0x0000, 0x0000, 0xFFFF, 0xFFFF, 0x5F26, 0x5F26, 0x5F26, 0x5F26,
  0x0042, 0x0042, 0x0042, 0x0042, 0x0042, 0x0042, 0x0042, 0x0042, 0x0042, 0x0042, 0x0042, 0x0042,
  0x0042, 0x0042, 0x0042, 0x0042, 0x5F26, 0x5F26, 0xFFFF, 0xFFFF, 0xFFFF, 0xFFFF, 0x5F26, 0x5F26,
  0x0042, 0x0042, 0x0042, 0x0042, 0x0042, 0x0042, 0x0042, 0x0042, 0x5F26, 0x5F26, 0xFFFF, 0xFFFF,
  0x0000, 0x0000, 0x5F26, 0x5F26, 0x0000, 0x0000, 0xFFFF, 0xFFFF, 0x5F26, 0x5F26, 0x5F26, 0x5F26,
  0x0042, 0x0042, 0x0042, 0x0042, 0x0042, 0x0042, 0x0042, 0x0042, 0x0042, 0x0042, 0x0042, 0x0042,
  0x0042, 0x0042, 0x0042, 0x0042, 0x5F26, 0x5F26, 0xFFFF, 0xFFFF, 0xFFFF, 0xFFFF, 0x5F26, 0x5F26,
  0x0042, 0x0042, 0x0042, 0x0042, 0x0042, 0x0042, 0x5F26, 0x5F26, 0xFFFF, 0xFFFF, 0xFFFF, 0xFFFF,
  0x0000, 0x0000, 0x5F26, 0x5F26, 0x0000, 0x0000, 0xFFFF, 0xFFFF, 0xFFFF, 0xFFFF, 0x5F26, 0x5F26,
  0x5F26, 0x5F26, 0x0042, 0x0042, 0x0042, 0x0042, 0x0042, 0x0042, 0x0042, 0x0042, 0x0042, 0x0042,
  0x0042, 0x0042, 0x5F26, 0x5F26, 0xFFFF, 0xFFFF, 0xFFFF, 0xFFFF, 0x0000, 0x0000, 0x5F26, 0x5F26,
  0x0042, 0x0042, 0x0042, 0x0042, 0x0042, 0x0042, 0x5F26, 0x5F26, 0xFFFF, 0xFFFF, 0xFFFF, 0xFFFF,
  0x0000, 0x0000, 0x5F26, 0x5F26, 0x0000, 0x0000, 0xFFFF, 0xFFFF, 0xFFFF, 0xFFFF, 0x5F26, 0x5F26,
  0x5F26, 0x5F26, 0x0042, 0x0042, 0x0042, 0x0042, 0x0042, 0x0042, 0x0042, 0x0042, 0x0042, 0x0042,
  0x0042, 0x0042, 0x5F26, 0x5F26, 0xFFFF, 0xFFFF, 0xFFFF, 0xFFFF, 0x0000, 0x0000, 0x5F26, 0x5F26,
  0x0042, 0x0042, 0x0042, 0x0042, 0x0042, 0x0042, 0x5F26, 0x5F26, 0xFFFF, 0xFFFF, 0xFFFF, 0xFFFF,
  0x0000, 0x0000, 0x5F26, 0x5F26, 0x0000, 0x0000, 0xFFFF, 0xFFFF, 0xFFFF, 0xFFFF, 0x5F26, 0x5F26,
  0x5F26, 0x5F26, 0x0042, 0x0042, 0x0042, 0x0042, 0x0042, 0x0042, 0x0042, 0x0042, 0x0042, 0x0042,
  0x0042, 0x0042, 0x5F26, 0x5F26, 0xFFFF, 0xFFFF, 0xFFFF, 0xFFFF, 0x0000, 0x0000, 0x5F26, 0x5F26,
  0x0042, 0x0042, 0x0042, 0x0042, 0x0042, 0x0042, 0x5F26, 0x5F26, 0xFFFF, 0xFFFF, 0xFFFF, 0xFFFF,
  0x0000, 0x0000, 0x5F26, 0x5F26, 0x0000, 0x0000, 0xFFFF, 0xFFFF, 0xFFFF, 0xFFFF, 0x5F26, 0x5F26,
  0x5F26, 0x5F26, 0x0042, 0x0042, 0x0042, 0x0042, 0x0042, 0x0042, 0x0042, 0x0042, 0x0042, 0x0042,
  0x0042, 0x0042, 0x5F26, 0x5F26, 0xFFFF, 0xFFFF, 0xFFFF, 0xFFFF, 0x0000, 0x0000, 0x5F26, 0x5F26,
  0x0042, 0x0042, 0x0042, 0x0042, 0x5F26, 0x5F26, 0xFC0E, 0xFC0E, 0xFFFF, 0xFFFF, 0xFFFF, 0xFFFF,
  0xFFFF, 0xFFFF, 0x5F26, 0x5F26, 0xFFFF, 0xFFFF, 0xFFFF, 0xFFFF, 0xFFFF, 0xFFFF, 0xFC0E, 0xFC0E,
  0x5F26, 0x5F26, 0x0042, 0x0042, 0x0042, 0x0042, 0x0042, 0x0042, 0x0042, 0x0042, 0x0042, 0x0042,
  0x0042, 0x0042, 0xFC0E, 0xFC0E, 0xFFFF, 0xFFFF, 0xFFFF, 0xFFFF, 0x0000, 0x0000, 0x5F26, 0x5F26,
  0x0042, 0x0042, 0x0042, 0x0042, 0x5F26, 0x5F26, 0xFC0E, 0xFC0E, 0xFFFF, 0xFFFF, 0xFFFF, 0xFFFF,
  0xFFFF, 0xFFFF, 0x5F26, 0x5F26, 0xFFFF, 0xFFFF, 0xFFFF, 0xFFFF, 0xFFFF, 0xFFFF, 0xFC0E, 0xFC0E,
  0x5F26, 0x5F26, 0x0042, 0x0042, 0x0042, 0x0042, 0x0042, 0x0042, 0x0042, 0x0042, 0x0042, 0x0042,
  0x0042, 0x0042, 0xFC0E, 0xFC0E, 0xFFFF, 0xFFFF, 0xFFFF, 0xFFFF, 0x0000, 0x0000, 0x5F26, 0x5F26,
  0x0042, 0x0042, 0x0042, 0x0042, 0xFC0E, 0xFC0E, 0xFC0E, 0xFC0E, 0xFFFF, 0xFFFF, 0xFFFF, 0xFFFF,
  0xFFFF, 0xFFFF, 0x5F26, 0x5F26, 0xFFFF, 0xFFFF, 0xFFFF, 0xFFFF, 0xFFFF, 0xFFFF, 0xFC0E, 0xFC0E,
  0x0000, 0x0000, 0x5F26, 0x5F26, 0x0042, 0x0042, 0x0042, 0x0042, 0x0042, 0x0042, 0x0042, 0x0042,
  0xFC0E, 0xFC0E, 0xFC0E, 0xFC0E, 0xFFFF, 0xFFFF, 0xFFFF, 0xFFFF, 0xFFFF, 0xFFFF, 0x5F26, 0x5F26,
  0x0042, 0x0042, 0x0042, 0x0042, 0xFC0E, 0xFC0E, 0xFC0E, 0xFC0E, 0xFFFF, 0xFFFF, 0xFFFF, 0xFFFF,
  0xFFFF, 0xFFFF, 0x5F26, 0x5F26, 0xFFFF, 0xFFFF, 0xFFFF, 0xFFFF, 0xFFFF, 0xFFFF, 0xFC0E, 0xFC0E,
  0x0000, 0x0000, 0x5F26, 0x5F26, 0x0042, 0x0042, 0x0042, 0x0042, 0x0042, 0x0042, 0x0042, 0x0042,
  0xFC0E, 0xFC0E, 0xFC0E, 0xFC0E, 0xFFFF, 0xFFFF, 0xFFFF, 0xFFFF, 0xFFFF, 0xFFFF, 0x5F26, 0x5F26,
  0x0042, 0x0042, 0x0042, 0x0042, 0x5F26, 0x5F26, 0xFC0E, 0xFC0E, 0x5F26, 0x5F26, 0xFFFF, 0xFFFF,
  0xFFFF, 0xFFFF, 0x5F26, 0x5F26, 0xFFFF, 0xFFFF, 0xFFFF, 0xFFFF, 0x5F26, 0x5F26, 0xFC0E, 0xFC0E,
  0x0000, 0x0000, 0x5F26, 0x5F26, 0x0042, 0x0042, 0x0042, 0x0042, 0x0042, 0x0042, 0x0042, 0x0042,
  0x0000, 0x0000, 0xFC0E, 0xFC0E, 0x5F26, 0x5F26, 0xFFFF, 0xFFFF, 0xFFFF, 0xFFFF, 0x5F26, 0x5F26,
  0x0042, 0x0042, 0x0042, 0x0042, 0x5F26, 0x5F26, 0xFC0E, 0xFC0E, 0x5F26, 0x5F26, 0xFFFF, 0xFFFF,
  0xFFFF, 0xFFFF, 0x5F26, 0x5F26, 0xFFFF, 0xFFFF, 0xFFFF, 0xFFFF, 0x5F26, 0x5F26, 0xFC0E, 0xFC0E,
  0x0000, 0x0000, 0x5F26, 0x5F26, 0x0042, 0x0042, 0x0042, 0x0042, 0x0042, 0x0042, 0x0042, 0x0042,
  0x0000, 0x0000, 0xFC0E, 0xFC0E, 0x5F26, 0x5F26, 0xFFFF, 0xFFFF, 0xFFFF, 0xFFFF, 0x5F26, 0x5F26,
  0x0042, 0x0042, 0x0042, 0x0042, 0x0000, 0x0000, 0x0000, 0x0000, 0x0000, 0x0000, 0x0000, 0x0000,
  0x0000, 0x0000, 0x0000, 0x0000, 0x0000, 0x0000, 0x0000, 0x0000, 0x0000, 0x0000, 0x0000, 0x0000,
  0x5F26, 0x5F26, 0x0042, 0x0042, 0x0042, 0x0042, 0x0042, 0x0042, 0x0042, 0x0042, 0x0042, 0x0042,
  0x0000, 0x0000, 0x0000, 0x0000, 0x0000, 0x0000, 0x0000, 0x0000, 0x0000, 0x0000, 0x0000, 0x0000,
  0x0042, 0x0042, 0x0042, 0x0042, 0x0000, 0x0000, 0x0000, 0x0000, 0x0000, 0x0000, 0x0000, 0x0000,
  0x0000, 0x0000, 0x0000, 0x0000, 0x0000, 0x0000, 0x0000, 0x0000, 0x0000, 0x0000, 0x0000, 0x0000,
  0x5F26, 0x5F26, 0x0042, 0x0042, 0x0042, 0x0042, 0x0042, 0x0042, 0x0042, 0x0042, 0x0042, 0x0042,
  0x0000, 0x0000, 0x0000, 0x0000, 0x0000, 0x0000, 0x0000, 0x0000, 0x0000, 0x0000, 0x0000, 0x0000,
  0x0042, 0x0042, 0xFC0E, 0xFC0E, 0x0042, 0x0042, 0x5F26, 0x5F26, 0x5F26, 0x5F26, 0x5F26, 0x5F26,
  0x5F26, 0x5F26, 0x5F26, 0x5F26, 0x5F26, 0x5F26, 0x5F26, 0x5F26, 0x5F26, 0x5F26, 0xFC0E, 0xFC0E,
  0xFC0E, 0xFC0E, 0xFC0E, 0xFC0E, 0x0042, 0x0042, 0x0042, 0x0042, 0x0042, 0x0042, 0xFC0E, 0xFC0E,
  0xFC0E, 0xFC0E, 0x5F26, 0x5F26, 0x5F26, 0x5F26, 0x5F26, 0x5F26, 0x5F26, 0x5F26, 0x5F26, 0x5F26,
  0x0042, 0x0042, 0xFC0E, 0xFC0E, 0x0042, 0x0042, 0x5F26, 0x5F26, 0x5F26, 0x5F26, 0x5F26, 0x5F26,
  0x5F26, 0x5F26, 0x5F26, 0x5F26, 0x5F26, 0x5F26, 0x5F26, 0x5F26, 0x5F26, 0x5F26, 0xFC0E, 0xFC0E,
  0xFC0E, 0xFC0E, 0xFC0E, 0xFC0E, 0x0042, 0x0042, 0x0042, 0x0042, 0x0042, 0x0042, 0xFC0E, 0xFC0E,
  0xFC0E, 0xFC0E, 0x5F26, 0x5F26, 0x5F26, 0x5F26, 0x5F26, 0x5F26, 0x5F26, 0x5F26, 0x5F26, 0x5F26,
  0x0042, 0x0042, 0xFC0E, 0xFC0E, 0xFC0E, 0xFC0E, 0xFC0E, 0xFC0E, 0x5F26, 0x5F26, 0xFFFF, 0xFFFF,
  0xFFFF, 0xFFFF, 0xFFFF, 0xFFFF, 0xFFFF, 0xFFFF, 0xFFFF, 0xFFFF, 0x5F26, 0x5F26, 0xFC0E, 0xFC0E,
  0xFC0E, 0xFC0E, 0xFC0E, 0xFC0E, 0xFC0E, 0xFC0E, 0x0042, 0x0042, 0xFC0E, 0xFC0E, 0xFC0E, 0xFC0E,
  0xFC0E, 0xFC0E, 0xFC0E, 0xFC0E, 0x5F26, 0x5F26, 0x5F26, 0x5F26, 0xFFFF, 0xFFFF, 0xFFFF, 0xFFFF,
  0x0042, 0x0042, 0xFC0E, 0xFC0E, 0xFC0E, 0xFC0E, 0xFC0E, 0xFC0E, 0x5F26, 0x5F26, 0xFFFF, 0xFFFF,
  0xFFFF, 0xFFFF, 0xFFFF, 0xFFFF, 0xFFFF, 0xFFFF, 0xFFFF, 0xFFFF, 0x5F26, 0x5F26, 0xFC0E, 0xFC0E,
  0xFC0E, 0xFC0E, 0xFC0E, 0xFC0E, 0xFC0E, 0xFC0E, 0x0042, 0x0042, 0xFC0E, 0xFC0E, 0xFC0E, 0xFC0E,
  0xFC0E, 0xFC0E, 0xFC0E, 0xFC0E, 0x5F26, 0x5F26, 0x5F26, 0x5F26, 0xFFFF, 0xFFFF, 0xFFFF, 0xFFFF,
  0x0042, 0x0042, 0x0042, 0x0042, 0xFC0E, 0xFC0E, 0x5F26, 0x5F26, 0xFFFF, 0xFFFF, 0xFFFF, 0xFFFF,
  0xFFFF, 0xFFFF, 0xFFFF, 0xFFFF, 0xFFFF, 0xFFFF, 0xFFFF, 0xFFFF, 0xFFFF, 0xFFFF, 0x5F26, 0x5F26,
  0xFC0E, 0xFC0E, 0xFC0E, 0xFC0E, 0x0042, 0x0042, 0x0042, 0x0042, 0x0042, 0x0042, 0xFC0E, 0xFC0E,
  0xFC0E, 0xFC0E, 0x5F26, 0x5F26, 0x5F26, 0x5F26, 0xFFFF, 0xFFFF, 0xFFFF, 0xFFFF, 0xFFFF, 0xFFFF,
  0x0042, 0x0042, 0x0042, 0x0042, 0xFC0E, 0xFC0E, 0x5F26, 0x5F26, 0xFFFF, 0xFFFF, 0xFFFF, 0xFFFF,
  0xFFFF, 0xFFFF, 0xFFFF, 0xFFFF, 0xFFFF, 0xFFFF, 0xFFFF, 0xFFFF, 0xFFFF, 0xFFFF, 0x5F26, 0x5F26,
  0xFC0E, 0xFC0E, 0xFC0E, 0xFC0E, 0x0042, 0x0042, 0x0042, 0x0042, 0x0042, 0x0042, 0xFC0E, 0xFC0E,
  0xFC0E, 0xFC0E, 0x5F26, 0x5F26, 0x5F26, 0x5F26, 0xFFFF, 0xFFFF, 0xFFFF, 0xFFFF, 0xFFFF, 0xFFFF,
  0x0042, 0x0042, 0x0042, 0x0042, 0x0042, 0x0042, 0xFC0E, 0xFC0E, 0xFC0E, 0xFC0E, 0xFC0E, 0xFC0E,
  0xFFFF, 0xFFFF, 0xFFFF, 0xFFFF, 0xFFFF, 0xFFFF, 0xFC0E, 0xFC0E, 0xFC0E, 0xFC0E, 0xFC0E, 0xFC0E,
  0x5F26, 0x5F26, 0x5F26, 0x5F26, 0x0042, 0x0042, 0x0042, 0x0042, 0x0042, 0x0042, 0x0042, 0x0042,
  0x0042, 0x0042, 0x5F26, 0x5F26, 0xFC0E, 0xFC0E, 0xFC0E, 0xFC0E, 0xFC0E, 0xFC0E, 0xFFFF, 0xFFFF,
  0x0042, 0x0042, 0x0042, 0x0042, 0x0042, 0x0042, 0xFC0E, 0xFC0E, 0xFC0E, 0xFC0E, 0xFC0E, 0xFC0E,
  0xFFFF, 0xFFFF, 0xFFFF, 0xFFFF, 0xFFFF, 0xFFFF, 0xFC0E, 0xFC0E, 0xFC0E, 0xFC0E, 0xFC0E, 0xFC0E,
  0x5F26, 0x5F26, 0x5F26, 0x5F26, 0x0042, 0x0042, 0x0042, 0x0042, 0x0042, 0x0042, 0x0042, 0x0042,
  0x0042, 0x0042, 0x5F26, 0x5F26, 0xFC0E, 0xFC0E, 0xFC0E, 0xFC0E, 0xFC0E, 0xFC0E, 0xFFFF, 0xFFFF,
  0x0042, 0x0042, 0x0042, 0x0042, 0xFC0E, 0xFC0E, 0xFC0E, 0xFC0E, 0xFC0E, 0xFC0E, 0xFC0E, 0xFC0E,
  0xFC0E, 0xFC0E, 0xFFFF, 0xFFFF, 0xFC0E, 0xFC0E, 0xFC0E, 0xFC0E, 0xFC0E, 0xFC0E, 0xFC0E, 0xFC0E,
  0xFC0E, 0xFC0E, 0x0042, 0x0042, 0x0042, 0x0042, 0x0042, 0x0042, 0x0042, 0x0042, 0x0042, 0x0042,
  0x0042, 0x0042, 0xFC0E, 0xFC0E, 0xFC0E, 0xFC0E, 0xFC0E, 0xFC0E, 0xFC0E, 0xFC0E, 0xFC0E, 0xFC0E,
  0x0042, 0x0042, 0x0042, 0x0042, 0xFC0E, 0xFC0E, 0xFC0E, 0xFC0E, 0xFC0E, 0xFC0E, 0xFC0E, 0xFC0E,
  0xFC0E, 0xFC0E, 0xFFFF, 0xFFFF, 0xFC0E, 0xFC0E, 0xFC0E, 0xFC0E, 0xFC0E, 0xFC0E, 0xFC0E, 0xFC0E,
  0xFC0E, 0xFC0E, 0x0042, 0x0042, 0x0042, 0x0042, 0x0042, 0x0042, 0x0042, 0x0042, 0x0042, 0x0042,
  0x0042, 0x0042, 0xFC0E, 0xFC0E, 0xFC0E, 0xFC0E, 0xFC0E, 0xFC0E, 0xFC0E, 0xFC0E, 0xFC0E, 0xFC0E,
  0x0042, 0x0042, 0x0042, 0x0042, 0x0042, 0x0042, 0xFC0E, 0xFC0E, 0xFC0E, 0xFC0E, 0xFC0E, 0xFC0E,
  0xFC0E, 0xFC0E, 0x0042, 0x0042, 0x0042, 0x0042, 0x0042, 0x0042, 0x0042, 0x0042, 0x0042, 0x0042,
  0x0042, 0x0042, 0x0042, 0x0042, 0x0042, 0x0042, 0x0042, 0x0042, 0x0042, 0x0042, 0x0042, 0x0042,
  0x0042, 0x0042, 0x0042, 0x0042, 0x0042, 0x0042, 0x0042, 0x0042, 0x0042, 0x0042, 0x0042, 0x0042,
  0x0042, 0x0042, 0x0042, 0x0042, 0x0042, 0x0042, 0xFC0E, 0xFC0E, 0xFC0E, 0xFC0E, 0xFC0E, 0xFC0E,
  0xFC0E, 0xFC0E, 0x0042, 0x0042, 0x0042, 0x0042, 0x0042, 0x0042, 0x0042, 0x0042, 0x0042, 0x0042,
  0x0042, 0x0042, 0x0042, 0x0042, 0x0042, 0x0042, 0x0042, 0x0042, 0x0042, 0x0042, 0x0042, 0x0042,
  0x0042, 0x0042, 0x0042, 0x0042, 0x0042, 0x0042, 0x0042, 0x0042, 0x0042, 0x0042, 0x0042, 0x0042,
};

const int BB_SPR_ZENCHAN_WALK0_R_W = 32;
const int BB_SPR_ZENCHAN_WALK0_R_H = 32;
const uint16_t BB_SPR_ZENCHAN_WALK0_R[1024] PROGMEM = {
  0x0042, 0x0042, 0x0042, 0x0042, 0x0042, 0x0042, 0x0042, 0x0042, 0x0042, 0x0042, 0x0042, 0x0042,
  0x0042, 0x0042, 0x0042, 0x0042, 0x0042, 0x0042, 0x0042, 0x0042, 0x0042, 0x0042, 0x0042, 0x0042,
  0x0042, 0x0042, 0x0042, 0x0042, 0x0042, 0x0042, 0x0042, 0x0042, 0x0042, 0x0042, 0x0042, 0x0042,
  0x0042, 0x0042, 0x0042, 0x0042, 0x0042, 0x0042, 0x0042, 0x0042, 0x0042, 0x0042, 0x0042, 0x0042,
  0x0042, 0x0042, 0x0042, 0x0042, 0x0042, 0x0042, 0x0042, 0x0042, 0x0042, 0x0042, 0x0042, 0x0042,
  0x0042, 0x0042, 0x0042, 0x0042, 0x0042, 0x0042, 0x0042, 0x0042, 0x0042, 0x0042, 0xC6FF, 0xC6FF,
  0xC6FF, 0xC6FF, 0xC6FF, 0xC6FF, 0xC6FF, 0xC6FF, 0xC6FF, 0xC6FF, 0xC6FF, 0xC6FF, 0xC6FF, 0xC6FF,
  0xC6FF, 0xC6FF, 0xC6FF, 0xC6FF, 0xC6FF, 0xC6FF, 0x0042, 0x0042, 0x0042, 0x0042, 0x0042, 0x0042,
  0x0042, 0x0042, 0x0042, 0x0042, 0x0042, 0x0042, 0xC6FF, 0xC6FF, 0xC6FF, 0xC6FF, 0xC6FF, 0xC6FF,
  0xC6FF, 0xC6FF, 0xC6FF, 0xC6FF, 0xC6FF, 0xC6FF, 0xC6FF, 0xC6FF, 0xC6FF, 0xC6FF, 0xC6FF, 0xC6FF,
  0xC6FF, 0xC6FF, 0x0042, 0x0042, 0x0042, 0x0042, 0x0042, 0x0042, 0x0042, 0x0042, 0x0042, 0x0042,
  0xC6FF, 0xC6FF, 0xC6FF, 0xC6FF, 0xC6FF, 0xC6FF, 0xC6FF, 0xC6FF, 0xC6FF, 0xC6FF, 0xC6FF, 0xC6FF,
  0xC6FF, 0xC6FF, 0xC6FF, 0xC6FF, 0xC6FF, 0xC6FF, 0xC6FF, 0xC6FF, 0xC6FF, 0xC6FF, 0xC6FF, 0xC6FF,
  0x0042, 0x0042, 0x0042, 0x0042, 0x0042, 0x0042, 0x0042, 0x0042, 0xC6FF, 0xC6FF, 0xC6FF, 0xC6FF,
  0xC6FF, 0xC6FF, 0xC6FF, 0xC6FF, 0xC6FF, 0xC6FF, 0xC6FF, 0xC6FF, 0xC6FF, 0xC6FF, 0xC6FF, 0xC6FF,
  0xC6FF, 0xC6FF, 0xC6FF, 0xC6FF, 0xC6FF, 0xC6FF, 0xC6FF, 0xC6FF, 0x0042, 0x0042, 0x0042, 0x0042,
  0x0042, 0x0042, 0x0042, 0x0042, 0xC6FF, 0xC6FF, 0xC6FF, 0xC6FF, 0xC6FF, 0xC6FF, 0xC6FF, 0xC6FF,
  0xC6FF, 0xC6FF, 0xC6FF, 0xC6FF, 0xC6FF, 0xC6FF, 0xC6FF, 0xC6FF, 0xC6FF, 0xC6FF, 0xC6FF, 0xC6FF,
  0xC6FF, 0xC6FF, 0xC6FF, 0xC6FF, 0x0042, 0x0042, 0x0042, 0x0042, 0x0042, 0x0042, 0x0042, 0x0042,
  0xC6FF, 0xC6FF, 0xC6FF, 0xC6FF, 0xC6FF, 0xC6FF, 0xC6FF, 0xC6FF, 0xC6FF, 0xC6FF, 0xC6FF, 0xC6FF,
  0xC6FF, 0xC6FF, 0xC6FF, 0xC6FF, 0xC6FF, 0xC6FF, 0xC6FF, 0xC6FF, 0xC6FF, 0xC6FF, 0xC6FF, 0xC6FF,
  0x0042, 0x0042, 0x0042, 0x0042, 0x0042, 0x0042, 0x0042, 0x0042, 0xC6FF, 0xC6FF, 0xC6FF, 0xC6FF,
  0xC6FF, 0xC6FF, 0xC6FF, 0xC6FF, 0xC6FF, 0xC6FF, 0xC6FF, 0xC6FF, 0xC6FF, 0xC6FF, 0xC6FF, 0xC6FF,
  0xC6FF, 0xC6FF, 0xC6FF, 0xC6FF, 0x0042, 0x0042, 0x0042, 0x0042, 0x0042, 0x0042, 0x0042, 0x0042,
  0x0042, 0x0042, 0x0042, 0x0042, 0xC6FF, 0xC6FF, 0xC6FF, 0xC6FF, 0xC6FF, 0xC6FF, 0xC6FF, 0xC6FF,
  0xC6FF, 0xC6FF, 0xC6FF, 0xC6FF, 0xC6FF, 0xC6FF, 0xC6FF, 0xC6FF, 0xC6FF, 0xC6FF, 0xC6FF, 0xC6FF,
  0x0042, 0x0042, 0x0042, 0x0042, 0x0042, 0x0042, 0x0042, 0x0042, 0x0042, 0x0042, 0x0042, 0x0042,
  0xC6FF, 0xC6FF, 0xC6FF, 0xC6FF, 0xC6FF, 0xC6FF, 0xC6FF, 0xC6FF, 0xC6FF, 0xC6FF, 0xC6FF, 0xC6FF,
  0xC6FF, 0xC6FF, 0xC6FF, 0xC6FF, 0xC6FF, 0xC6FF, 0x0042, 0x0042, 0xC6FF, 0xC6FF, 0xC6FF, 0xC6FF,
  0x0042, 0x0042, 0x0042, 0x0042, 0x0042, 0x0042, 0x0042, 0x0042, 0xC6FF, 0xC6FF, 0xC6FF, 0xC6FF,
  0xC6FF, 0xC6FF, 0xC6FF, 0xC6FF, 0xC6FF, 0xC6FF, 0xC6FF, 0xC6FF, 0xC6FF, 0xC6FF, 0xC6FF, 0xC6FF,
  0xC6FF, 0xC6FF, 0x0042, 0x0042, 0xC6FF, 0xC6FF, 0xC6FF, 0xC6FF, 0x0042, 0x0042, 0x0042, 0x0042,
  0x0042, 0x0042, 0x0042, 0x0042, 0xC6FF, 0xC6FF, 0xC6FF, 0xC6FF, 0xC6FF, 0xC6FF, 0xC6FF, 0xC6FF,
  0xC6FF, 0xC6FF, 0xC6FF, 0xC6FF, 0xC6FF, 0xC6FF, 0xC6FF, 0xC6FF, 0x0042, 0x0042, 0xC6FF, 0xC6FF,
  0x0042, 0x0042, 0x0042, 0x0042, 0xC6FF, 0xC6FF, 0x0042, 0x0042, 0x0042, 0x0042, 0x0042, 0x0042,
  0xC6FF, 0xC6FF, 0xC6FF, 0xC6FF, 0xC6FF, 0xC6FF, 0xC6FF, 0xC6FF, 0xC6FF, 0xC6FF, 0xC6FF, 0xC6FF,
  0xC6FF, 0xC6FF, 0xC6FF, 0xC6FF, 0x0042, 0x0042, 0xC6FF, 0xC6FF, 0x0042, 0x0042, 0x0042, 0x0042,
  0xC6FF, 0xC6FF, 0x0042, 0x0042, 0x0042, 0x0042, 0x0042, 0x0042, 0xC6FF, 0xC6FF, 0x0042, 0x0042,
  0xC6FF, 0xC6FF, 0x0042, 0x0042, 0xC6FF, 0xC6FF, 0xC6FF, 0xC6FF, 0xC6FF, 0xC6FF, 0xC6FF, 0xC6FF,
  0x0042, 0x0042, 0xC6FF, 0xC6FF, 0x0042, 0x0042, 0x0042, 0x0042, 0xC6FF, 0xC6FF, 0x0042, 0x0042,
  0x0042, 0x0042, 0x0042, 0x0042, 0xC6FF, 0xC6FF, 0x0042, 0x0042, 0xC6FF, 0xC6FF, 0x0042, 0x0042,
  0xC6FF, 0xC6FF, 0xC6FF, 0xC6FF, 0xC6FF, 0xC6FF, 0xC6FF, 0xC6FF, 0x0042, 0x0042, 0xC6FF, 0xC6FF,
  0x0042, 0x0042, 0x0042, 0x0042, 0xC6FF, 0xC6FF, 0x0042, 0x0042, 0x0042, 0x0042, 0x0042, 0x0042,
  0xC6FF, 0xC6FF, 0x0042, 0x0042, 0xC6FF, 0xC6FF, 0x0042, 0x0042, 0xC6FF, 0xC6FF, 0xC6FF, 0xC6FF,
  0xC6FF, 0xC6FF, 0xC6FF, 0xC6FF, 0xC6FF, 0xC6FF, 0x0042, 0x0042, 0xC6FF, 0xC6FF, 0xC6FF, 0xC6FF,
  0x0042, 0x0042, 0x0042, 0x0042, 0x0042, 0x0042, 0x0042, 0x0042, 0xC6FF, 0xC6FF, 0x0042, 0x0042,
  0xC6FF, 0xC6FF, 0x0042, 0x0042, 0xC6FF, 0xC6FF, 0xC6FF, 0xC6FF, 0xC6FF, 0xC6FF, 0xC6FF, 0xC6FF,
  0xC6FF, 0xC6FF, 0x0042, 0x0042, 0xC6FF, 0xC6FF, 0xC6FF, 0xC6FF, 0x0042, 0x0042, 0x0042, 0x0042,
  0x0042, 0x0042, 0x0042, 0x0042, 0xC6FF, 0xC6FF, 0x0042, 0x0042, 0xC6FF, 0xC6FF, 0x0042, 0x0042,
  0xC6FF, 0xC6FF, 0xC6FF, 0xC6FF, 0xC6FF, 0xC6FF, 0xC6FF, 0xC6FF, 0xC6FF, 0xC6FF, 0x0042, 0x0042,
  0xC6FF, 0xC6FF, 0xC6FF, 0xC6FF, 0x0042, 0x0042, 0x0042, 0x0042, 0x0042, 0x0042, 0x0042, 0x0042,
  0xC6FF, 0xC6FF, 0x0042, 0x0042, 0xC6FF, 0xC6FF, 0x0042, 0x0042, 0xC6FF, 0xC6FF, 0xC6FF, 0xC6FF,
  0xC6FF, 0xC6FF, 0xC6FF, 0xC6FF, 0xC6FF, 0xC6FF, 0x0042, 0x0042, 0xC6FF, 0xC6FF, 0xC6FF, 0xC6FF,
  0x0042, 0x0042, 0x0042, 0x0042, 0x0042, 0x0042, 0x0042, 0x0042, 0xC6FF, 0xC6FF, 0xC6FF, 0xC6FF,
  0xC6FF, 0xC6FF, 0xC6FF, 0xC6FF, 0xC6FF, 0xC6FF, 0xC6FF, 0xC6FF, 0x12FB, 0x12FB, 0x12FB, 0x12FB,
  0x12FB, 0x12FB, 0xC6FF, 0xC6FF, 0x0042, 0x0042, 0x0042, 0x0042, 0xC6FF, 0xC6FF, 0x0042, 0x0042,
  0x0042, 0x0042, 0x0042, 0x0042, 0xC6FF, 0xC6FF, 0xC6FF, 0xC6FF, 0xC6FF, 0xC6FF, 0xC6FF, 0xC6FF,
  0xC6FF, 0xC6FF, 0xC6FF, 0xC6FF, 0x12FB, 0x12FB, 0x12FB, 0x12FB, 0x12FB, 0x12FB, 0xC6FF, 0xC6FF,
  0x0042, 0x0042, 0x0042, 0x0042, 0xC6FF, 0xC6FF, 0x0042, 0x0042, 0x0042, 0x0042, 0x12FB, 0x12FB,
  0x12FB, 0x12FB, 0x12FB, 0x12FB, 0x12FB, 0x12FB, 0x12FB, 0x12FB, 0x12FB, 0x12FB, 0x12FB, 0x12FB,
  0x12FB, 0x12FB, 0x12FB, 0x12FB, 0x12FB, 0x12FB, 0xC6FF, 0xC6FF, 0x0042, 0x0042, 0x0042, 0x0042,
  0xC6FF, 0xC6FF, 0x0042, 0x0042, 0x0042, 0x0042, 0x12FB, 0x12FB, 0x12FB, 0x12FB, 0x12FB, 0x12FB,
  0x12FB, 0x12FB, 0x12FB, 0x12FB, 0x12FB, 0x12FB, 0x12FB, 0x12FB, 0x12FB, 0x12FB, 0x12FB, 0x12FB,
  0x12FB, 0x12FB, 0xC6FF, 0xC6FF, 0x0042, 0x0042, 0x0042, 0x0042, 0xC6FF, 0xC6FF, 0x0042, 0x0042,
  0x0042, 0x0042, 0x12FB, 0x12FB, 0x12FB, 0x12FB, 0x12FB, 0x12FB, 0x12FB, 0x12FB, 0x12FB, 0x12FB,
  0x12FB, 0x12FB, 0x12FB, 0x12FB, 0x12FB, 0x12FB, 0x12FB, 0x12FB, 0xFB79, 0xFB79, 0xFB79, 0xFB79,
  0xC6FF, 0xC6FF, 0xC6FF, 0xC6FF, 0x0042, 0x0042, 0x0042, 0x0042, 0x0042, 0x0042, 0x12FB, 0x12FB,
  0x12FB, 0x12FB, 0x12FB, 0x12FB, 0x12FB, 0x12FB, 0x12FB, 0x12FB, 0x12FB, 0x12FB, 0x12FB, 0x12FB,
  0x12FB, 0x12FB, 0x12FB, 0x12FB, 0xFB79, 0xFB79, 0xFB79, 0xFB79, 0xC6FF, 0xC6FF, 0xC6FF, 0xC6FF,
  0x0042, 0x0042, 0x0042, 0x0042, 0x0042, 0x0042, 0x0042, 0x0042, 0x12FB, 0x12FB, 0x12FB, 0x12FB,
  0x12FB, 0x12FB, 0x12FB, 0x12FB, 0x12FB, 0x12FB, 0x12FB, 0x12FB, 0x12FB, 0x12FB, 0xFB79, 0xFB79,
  0xFB79, 0xFB79, 0xFB79, 0xFB79, 0xFB79, 0xFB79, 0xFB79, 0xFB79, 0x0042, 0x0042, 0x0042, 0x0042,
  0x0042, 0x0042, 0x0042, 0x0042, 0x12FB, 0x12FB, 0x12FB, 0x12FB, 0x12FB, 0x12FB, 0x12FB, 0x12FB,
  0x12FB, 0x12FB, 0x12FB, 0x12FB, 0x12FB, 0x12FB, 0xFB79, 0xFB79, 0xFB79, 0xFB79, 0xFB79, 0xFB79,
  0xFB79, 0xFB79, 0xFB79, 0xFB79, 0x0042, 0x0042, 0x0042, 0x0042, 0x0042, 0x0042, 0x0042, 0x0042,
  0x0042, 0x0042, 0x0042, 0x0042, 0xFB79, 0xFB79, 0xFB79, 0xFB79, 0xFB79, 0xFB79, 0x0042, 0x0042,
  0x0042, 0x0042, 0xFB79, 0xFB79, 0xFB79, 0xFB79, 0xFB79, 0xFB79, 0x0042, 0x0042, 0x0042, 0x0042,
  0x0042, 0x0042, 0x0042, 0x0042, 0x0042, 0x0042, 0x0042, 0x0042, 0x0042, 0x0042, 0x0042, 0x0042,
  0xFB79, 0xFB79, 0xFB79, 0xFB79, 0xFB79, 0xFB79, 0x0042, 0x0042, 0x0042, 0x0042, 0xFB79, 0xFB79,
  0xFB79, 0xFB79, 0xFB79, 0xFB79, 0x0042, 0x0042, 0x0042, 0x0042, 0x0042, 0x0042, 0x0042, 0x0042,
  0x0042, 0x0042, 0x0042, 0x0042, 0xFB79, 0xFB79, 0xFB79, 0xFB79, 0xFB79, 0xFB79, 0xFB79, 0xFB79,
  0xFB79, 0xFB79, 0xFB79, 0xFB79, 0x0042, 0x0042, 0x0042, 0x0042, 0x0042, 0x0042, 0x0042, 0x0042,
  0x0042, 0x0042, 0x0042, 0x0042, 0x0042, 0x0042, 0x0042, 0x0042, 0x0042, 0x0042, 0x0042, 0x0042,
  0xFB79, 0xFB79, 0xFB79, 0xFB79, 0xFB79, 0xFB79, 0xFB79, 0xFB79, 0xFB79, 0xFB79, 0xFB79, 0xFB79,
  0x0042, 0x0042, 0x0042, 0x0042, 0x0042, 0x0042, 0x0042, 0x0042, 0x0042, 0x0042, 0x0042, 0x0042,
  0x0042, 0x0042, 0x0042, 0x0042,
};

const int BB_SPR_ZENCHAN_WALK0_L_W = 32;
const int BB_SPR_ZENCHAN_WALK0_L_H = 32;
const uint16_t BB_SPR_ZENCHAN_WALK0_L[1024] PROGMEM = {
  0x0042, 0x0042, 0x0042, 0x0042, 0x0042, 0x0042, 0x0042, 0x0042, 0x0042, 0x0042, 0x0042, 0x0042,
  0x0042, 0x0042, 0x0042, 0x0042, 0x0042, 0x0042, 0x0042, 0x0042, 0x0042, 0x0042, 0x0042, 0x0042,
  0x0042, 0x0042, 0x0042, 0x0042, 0x0042, 0x0042, 0x0042, 0x0042, 0x0042, 0x0042, 0x0042, 0x0042,
  0x0042, 0x0042, 0x0042, 0x0042, 0x0042, 0x0042, 0x0042, 0x0042, 0x0042, 0x0042, 0x0042, 0x0042,
  0x0042, 0x0042, 0x0042, 0x0042, 0x0042, 0x0042, 0x0042, 0x0042, 0x0042, 0x0042, 0x0042, 0x0042,
  0x0042, 0x0042, 0x0042, 0x0042, 0x0042, 0x0042, 0x0042, 0x0042, 0x0042, 0x0042, 0xC6FF, 0xC6FF,
  0xC6FF, 0xC6FF, 0xC6FF, 0xC6FF, 0xC6FF, 0xC6FF, 0xC6FF, 0xC6FF, 0xC6FF, 0xC6FF, 0xC6FF, 0xC6FF,
  0xC6FF, 0xC6FF, 0xC6FF, 0xC6FF, 0xC6FF, 0xC6FF, 0x0042, 0x0042, 0x0042, 0x0042, 0x0042, 0x0042,
  0x0042, 0x0042, 0x0042, 0x0042, 0x0042, 0x0042, 0xC6FF, 0xC6FF, 0xC6FF, 0xC6FF, 0xC6FF, 0xC6FF,
  0xC6FF, 0xC6FF, 0xC6FF, 0xC6FF, 0xC6FF, 0xC6FF, 0xC6FF, 0xC6FF, 0xC6FF, 0xC6FF, 0xC6FF, 0xC6FF,
  0xC6FF, 0xC6FF, 0x0042, 0x0042, 0x0042, 0x0042, 0x0042, 0x0042, 0x0042, 0x0042, 0x0042, 0x0042,
  0xC6FF, 0xC6FF, 0xC6FF, 0xC6FF, 0xC6FF, 0xC6FF, 0xC6FF, 0xC6FF, 0xC6FF, 0xC6FF, 0xC6FF, 0xC6FF,
  0xC6FF, 0xC6FF, 0xC6FF, 0xC6FF, 0xC6FF, 0xC6FF, 0xC6FF, 0xC6FF, 0xC6FF, 0xC6FF, 0xC6FF, 0xC6FF,
  0x0042, 0x0042, 0x0042, 0x0042, 0x0042, 0x0042, 0x0042, 0x0042, 0xC6FF, 0xC6FF, 0xC6FF, 0xC6FF,
  0xC6FF, 0xC6FF, 0xC6FF, 0xC6FF, 0xC6FF, 0xC6FF, 0xC6FF, 0xC6FF, 0xC6FF, 0xC6FF, 0xC6FF, 0xC6FF,
  0xC6FF, 0xC6FF, 0xC6FF, 0xC6FF, 0xC6FF, 0xC6FF, 0xC6FF, 0xC6FF, 0x0042, 0x0042, 0x0042, 0x0042,
  0x0042, 0x0042, 0x0042, 0x0042, 0xC6FF, 0xC6FF, 0xC6FF, 0xC6FF, 0xC6FF, 0xC6FF, 0xC6FF, 0xC6FF,
  0xC6FF, 0xC6FF, 0xC6FF, 0xC6FF, 0xC6FF, 0xC6FF, 0xC6FF, 0xC6FF, 0xC6FF, 0xC6FF, 0xC6FF, 0xC6FF,
  0xC6FF, 0xC6FF, 0xC6FF, 0xC6FF, 0x0042, 0x0042, 0x0042, 0x0042, 0x0042, 0x0042, 0x0042, 0x0042,
  0xC6FF, 0xC6FF, 0xC6FF, 0xC6FF, 0xC6FF, 0xC6FF, 0xC6FF, 0xC6FF, 0xC6FF, 0xC6FF, 0xC6FF, 0xC6FF,
  0xC6FF, 0xC6FF, 0xC6FF, 0xC6FF, 0xC6FF, 0xC6FF, 0xC6FF, 0xC6FF, 0xC6FF, 0xC6FF, 0xC6FF, 0xC6FF,
  0x0042, 0x0042, 0x0042, 0x0042, 0x0042, 0x0042, 0x0042, 0x0042, 0x0042, 0x0042, 0x0042, 0x0042,
  0xC6FF, 0xC6FF, 0xC6FF, 0xC6FF, 0xC6FF, 0xC6FF, 0xC6FF, 0xC6FF, 0xC6FF, 0xC6FF, 0xC6FF, 0xC6FF,
  0xC6FF, 0xC6FF, 0xC6FF, 0xC6FF, 0xC6FF, 0xC6FF, 0xC6FF, 0xC6FF, 0x0042, 0x0042, 0x0042, 0x0042,
  0x0042, 0x0042, 0x0042, 0x0042, 0x0042, 0x0042, 0x0042, 0x0042, 0xC6FF, 0xC6FF, 0xC6FF, 0xC6FF,
  0xC6FF, 0xC6FF, 0xC6FF, 0xC6FF, 0xC6FF, 0xC6FF, 0xC6FF, 0xC6FF, 0xC6FF, 0xC6FF, 0xC6FF, 0xC6FF,
  0xC6FF, 0xC6FF, 0xC6FF, 0xC6FF, 0x0042, 0x0042, 0x0042, 0x0042, 0x0042, 0x0042, 0x0042, 0x0042,
  0xC6FF, 0xC6FF, 0xC6FF, 0xC6FF, 0x0042, 0x0042, 0xC6FF, 0xC6FF, 0xC6FF, 0xC6FF, 0xC6FF, 0xC6FF,
  0xC6FF, 0xC6FF, 0xC6FF, 0xC6FF, 0xC6FF, 0xC6FF, 0xC6FF, 0xC6FF, 0xC6FF, 0xC6FF, 0xC6FF, 0xC6FF,
  0x0042, 0x0042, 0x0042, 0x0042, 0x0042, 0x0042, 0x0042, 0x0042, 0xC6FF, 0xC6FF, 0xC6FF, 0xC6FF,
  0x0042, 0x0042, 0xC6FF, 0xC6FF, 0xC6FF, 0xC6FF, 0xC6FF, 0xC6FF, 0xC6FF, 0xC6FF, 0xC6FF, 0xC6FF,
  0xC6FF, 0xC6FF, 0xC6FF, 0xC6FF, 0xC6FF, 0xC6FF, 0xC6FF, 0xC6FF, 0x0042, 0x0042, 0x0042, 0x0042,
  0x0042, 0x0042, 0xC6FF, 0xC6FF, 0x0042, 0x0042, 0x0042, 0x0042, 0xC6FF, 0xC6FF, 0x0042, 0x0042,
  0xC6FF, 0xC6FF, 0xC6FF, 0xC6FF, 0xC6FF, 0xC6FF, 0xC6FF, 0xC6FF, 0xC6FF, 0xC6FF, 0xC6FF, 0xC6FF,
  0xC6FF, 0xC6FF, 0xC6FF, 0xC6FF, 0x0042, 0x0042, 0x0042, 0x0042, 0x0042, 0x0042, 0xC6FF, 0xC6FF,
  0x0042, 0x0042, 0x0042, 0x0042, 0xC6FF, 0xC6FF, 0x0042, 0x0042, 0xC6FF, 0xC6FF, 0xC6FF, 0xC6FF,
  0xC6FF, 0xC6FF, 0xC6FF, 0xC6FF, 0xC6FF, 0xC6FF, 0xC6FF, 0xC6FF, 0xC6FF, 0xC6FF, 0xC6FF, 0xC6FF,
  0x0042, 0x0042, 0x0042, 0x0042, 0x0042, 0x0042, 0xC6FF, 0xC6FF, 0x0042, 0x0042, 0x0042, 0x0042,
  0xC6FF, 0xC6FF, 0x0042, 0x0042, 0xC6FF, 0xC6FF, 0xC6FF, 0xC6FF, 0xC6FF, 0xC6FF, 0xC6FF, 0xC6FF,
  0x0042, 0x0042, 0xC6FF, 0xC6FF, 0x0042, 0x0042, 0xC6FF, 0xC6FF, 0x0042, 0x0042, 0x0042, 0x0042,
  0x0042, 0x0042, 0xC6FF, 0xC6FF, 0x0042, 0x0042, 0x0042, 0x0042, 0xC6FF, 0xC6FF, 0x0042, 0x0042,
  0xC6FF, 0xC6FF, 0xC6FF, 0xC6FF, 0xC6FF, 0xC6FF, 0xC6FF, 0xC6FF, 0x0042, 0x0042, 0xC6FF, 0xC6FF,
  0x0042, 0x0042, 0xC6FF, 0xC6FF, 0x0042, 0x0042, 0x0042, 0x0042, 0x0042, 0x0042, 0x0042, 0x0042,
  0xC6FF, 0xC6FF, 0xC6FF, 0xC6FF, 0x0042, 0x0042, 0xC6FF, 0xC6FF, 0xC6FF, 0xC6FF, 0xC6FF, 0xC6FF,
  0xC6FF, 0xC6FF, 0xC6FF, 0xC6FF, 0x0042, 0x0042, 0xC6FF, 0xC6FF, 0x0042, 0x0042, 0xC6FF, 0xC6FF,
  0x0042, 0x0042, 0x0042, 0x0042, 0x0042, 0x0042, 0x0042, 0x0042, 0xC6FF, 0xC6FF, 0xC6FF, 0xC6FF,
  0x0042, 0x0042, 0xC6FF, 0xC6FF, 0xC6FF, 0xC6FF, 0xC6FF, 0xC6FF, 0xC6FF, 0xC6FF, 0xC6FF, 0xC6FF,
  0x0042, 0x0042, 0xC6FF, 0xC6FF, 0x0042, 0x0042, 0xC6FF, 0xC6FF, 0x0042, 0x0042, 0x0042, 0x0042,
  0x0042, 0x0042, 0x0042, 0x0042, 0xC6FF, 0xC6FF, 0xC6FF, 0xC6FF, 0x0042, 0x0042, 0xC6FF, 0xC6FF,
  0xC6FF, 0xC6FF, 0xC6FF, 0xC6FF, 0xC6FF, 0xC6FF, 0xC6FF, 0xC6FF, 0x0042, 0x0042, 0xC6FF, 0xC6FF,
  0x0042, 0x0042, 0xC6FF, 0xC6FF, 0x0042, 0x0042, 0x0042, 0x0042, 0x0042, 0x0042, 0x0042, 0x0042,
  0xC6FF, 0xC6FF, 0xC6FF, 0xC6FF, 0x0042, 0x0042, 0xC6FF, 0xC6FF, 0xC6FF, 0xC6FF, 0xC6FF, 0xC6FF,
  0xC6FF, 0xC6FF, 0xC6FF, 0xC6FF, 0x0042, 0x0042, 0xC6FF, 0xC6FF, 0x0042, 0x0042, 0xC6FF, 0xC6FF,
  0x0042, 0x0042, 0x0042, 0x0042, 0x0042, 0x0042, 0xC6FF, 0xC6FF, 0x0042, 0x0042, 0x0042, 0x0042,
  0xC6FF, 0xC6FF, 0x12FB, 0x12FB, 0x12FB, 0x12FB, 0x12FB, 0x12FB, 0xC6FF, 0xC6FF, 0xC6FF, 0xC6FF,
  0xC6FF, 0xC6FF, 0xC6FF, 0xC6FF, 0xC6FF, 0xC6FF, 0xC6FF, 0xC6FF, 0x0042, 0x0042, 0x0042, 0x0042,
  0x0042, 0x0042, 0xC6FF, 0xC6FF, 0x0042, 0x0042, 0x0042, 0x0042, 0xC6FF, 0xC6FF, 0x12FB, 0x12FB,
  0x12FB, 0x12FB, 0x12FB, 0x12FB, 0xC6FF, 0xC6FF, 0xC6FF, 0xC6FF, 0xC6FF, 0xC6FF, 0xC6FF, 0xC6FF,
  0xC6FF, 0xC6FF, 0xC6FF, 0xC6FF, 0x0042, 0x0042, 0x0042, 0x0042, 0x0042, 0x0042, 0xC6FF, 0xC6FF,
  0x0042, 0x0042, 0x0042, 0x0042, 0xC6FF, 0xC6FF, 0x12FB, 0x12FB, 0x12FB, 0x12FB, 0x12FB, 0x12FB,
  0x12FB, 0x12FB, 0x12FB, 0x12FB, 0x12FB, 0x12FB, 0x12FB, 0x12FB, 0x12FB, 0x12FB, 0x12FB, 0x12FB,
  0x12FB, 0x12FB, 0x0042, 0x0042, 0x0042, 0x0042, 0xC6FF, 0xC6FF, 0x0042, 0x0042, 0x0042, 0x0042,
  0xC6FF, 0xC6FF, 0x12FB, 0x12FB, 0x12FB, 0x12FB, 0x12FB, 0x12FB, 0x12FB, 0x12FB, 0x12FB, 0x12FB,
  0x12FB, 0x12FB, 0x12FB, 0x12FB, 0x12FB, 0x12FB, 0x12FB, 0x12FB, 0x12FB, 0x12FB, 0x0042, 0x0042,
  0x0042, 0x0042, 0x0042, 0x0042, 0xC6FF, 0xC6FF, 0xC6FF, 0xC6FF, 0xFB79, 0xFB79, 0xFB79, 0xFB79,
  0x12FB, 0x12FB, 0x12FB, 0x12FB, 0x12FB, 0x12FB, 0x12FB, 0x12FB, 0x12FB, 0x12FB, 0x12FB, 0x12FB,
  0x12FB, 0x12FB, 0x12FB, 0x12FB, 0x12FB, 0x12FB, 0x0042, 0x0042, 0x0042, 0x0042, 0x0042, 0x0042,
  0xC6FF, 0xC6FF, 0xC6FF, 0xC6FF, 0xFB79, 0xFB79, 0xFB79, 0xFB79, 0x12FB, 0x12FB, 0x12FB, 0x12FB,
  0x12FB, 0x12FB, 0x12FB, 0x12FB, 0x12FB, 0x12FB, 0x12FB, 0x12FB, 0x12FB, 0x12FB, 0x12FB, 0x12FB,
  0x12FB, 0x12FB, 0x0042, 0x0042, 0x0042, 0x0042, 0x0042, 0x0042, 0xFB79, 0xFB79, 0xFB79, 0xFB79,
  0xFB79, 0xFB79, 0xFB79, 0xFB79, 0xFB79, 0xFB79, 0x12FB, 0x12FB, 0x12FB, 0x12FB, 0x12FB, 0x12FB,
  0x12FB, 0x12FB, 0x12FB, 0x12FB, 0x12FB, 0x12FB, 0x12FB, 0x12FB, 0x0042, 0x0042, 0x0042, 0x0042,
  0x0042, 0x0042, 0x0042, 0x0042, 0xFB79, 0xFB79, 0xFB79, 0xFB79, 0xFB79, 0xFB79, 0xFB79, 0xFB79,
  0xFB79, 0xFB79, 0x12FB, 0x12FB, 0x12FB, 0x12FB, 0x12FB, 0x12FB, 0x12FB, 0x12FB, 0x12FB, 0x12FB,
  0x12FB, 0x12FB, 0x12FB, 0x12FB, 0x0042, 0x0042, 0x0042, 0x0042, 0x0042, 0x0042, 0x0042, 0x0042,
  0x0042, 0x0042, 0x0042, 0x0042, 0xFB79, 0xFB79, 0xFB79, 0xFB79, 0xFB79, 0xFB79, 0x0042, 0x0042,
  0x0042, 0x0042, 0xFB79, 0xFB79, 0xFB79, 0xFB79, 0xFB79, 0xFB79, 0x0042, 0x0042, 0x0042, 0x0042,
  0x0042, 0x0042, 0x0042, 0x0042, 0x0042, 0x0042, 0x0042, 0x0042, 0x0042, 0x0042, 0x0042, 0x0042,
  0xFB79, 0xFB79, 0xFB79, 0xFB79, 0xFB79, 0xFB79, 0x0042, 0x0042, 0x0042, 0x0042, 0xFB79, 0xFB79,
  0xFB79, 0xFB79, 0xFB79, 0xFB79, 0x0042, 0x0042, 0x0042, 0x0042, 0x0042, 0x0042, 0x0042, 0x0042,
  0x0042, 0x0042, 0x0042, 0x0042, 0x0042, 0x0042, 0x0042, 0x0042, 0x0042, 0x0042, 0x0042, 0x0042,
  0x0042, 0x0042, 0x0042, 0x0042, 0xFB79, 0xFB79, 0xFB79, 0xFB79, 0xFB79, 0xFB79, 0xFB79, 0xFB79,
  0xFB79, 0xFB79, 0xFB79, 0xFB79, 0x0042, 0x0042, 0x0042, 0x0042, 0x0042, 0x0042, 0x0042, 0x0042,
  0x0042, 0x0042, 0x0042, 0x0042, 0x0042, 0x0042, 0x0042, 0x0042, 0x0042, 0x0042, 0x0042, 0x0042,
  0xFB79, 0xFB79, 0xFB79, 0xFB79, 0xFB79, 0xFB79, 0xFB79, 0xFB79, 0xFB79, 0xFB79, 0xFB79, 0xFB79,
  0x0042, 0x0042, 0x0042, 0x0042,
};

const int BB_SPR_ZENCHAN_WALK1_R_W = 32;
const int BB_SPR_ZENCHAN_WALK1_R_H = 32;
const uint16_t BB_SPR_ZENCHAN_WALK1_R[1024] PROGMEM = {
  0x0042, 0x0042, 0x0042, 0x0042, 0x0042, 0x0042, 0x0042, 0x0042, 0xC6FF, 0xC6FF, 0xC6FF, 0xC6FF,
  0xC6FF, 0xC6FF, 0xC6FF, 0xC6FF, 0xC6FF, 0xC6FF, 0xC6FF, 0xC6FF, 0x0042, 0x0042, 0x0042, 0x0042,
  0x0042, 0x0042, 0x0042, 0x0042, 0x0042, 0x0042, 0x0042, 0x0042, 0x0042, 0x0042, 0x0042, 0x0042,
  0x0042, 0x0042, 0x0042, 0x0042, 0xC6FF, 0xC6FF, 0xC6FF, 0xC6FF, 0xC6FF, 0xC6FF, 0xC6FF, 0xC6FF,
  0xC6FF, 0xC6FF, 0xC6FF, 0xC6FF, 0x0042, 0x0042, 0x0042, 0x0042, 0x0042, 0x0042, 0x0042, 0x0042,
  0x0042, 0x0042, 0x0042, 0x0042, 0x0042, 0x0042, 0x0042, 0x0042, 0x0042, 0x0042, 0xC6FF, 0xC6FF,
  0xC6FF, 0xC6FF, 0xC6FF, 0xC6FF, 0xC6FF, 0xC6FF, 0xC6FF, 0xC6FF, 0xC6FF, 0xC6FF, 0xC6FF, 0xC6FF,
  0xC6FF, 0xC6FF, 0xC6FF, 0xC6FF, 0xC6FF, 0xC6FF, 0x0042, 0x0042, 0x0042, 0x0042, 0x0042, 0x0042,
  0x0042, 0x0042, 0x0042, 0x0042, 0x0042, 0x0042, 0xC6FF, 0xC6FF, 0xC6FF, 0xC6FF, 0xC6FF, 0xC6FF,
  0xC6FF, 0xC6FF, 0xC6FF, 0xC6FF, 0xC6FF, 0xC6FF, 0xC6FF, 0xC6FF, 0xC6FF, 0xC6FF, 0xC6FF, 0xC6FF,
  0xC6FF, 0xC6FF, 0x0042, 0x0042, 0x0042, 0x0042, 0x0042, 0x0042, 0x0042, 0x0042, 0x0042, 0x0042,
  0xC6FF, 0xC6FF, 0xC6FF, 0xC6FF, 0xC6FF, 0xC6FF, 0xC6FF, 0xC6FF, 0xC6FF, 0xC6FF, 0xC6FF, 0xC6FF,
  0xC6FF, 0xC6FF, 0xC6FF, 0xC6FF, 0xC6FF, 0xC6FF, 0xC6FF, 0xC6FF, 0xC6FF, 0xC6FF, 0xC6FF, 0xC6FF,
  0x0042, 0x0042, 0x0042, 0x0042, 0x0042, 0x0042, 0x0042, 0x0042, 0xC6FF, 0xC6FF, 0xC6FF, 0xC6FF,
  0xC6FF, 0xC6FF, 0xC6FF, 0xC6FF, 0xC6FF, 0xC6FF, 0xC6FF, 0xC6FF, 0xC6FF, 0xC6FF, 0xC6FF, 0xC6FF,
  0xC6FF, 0xC6FF, 0xC6FF, 0xC6FF, 0xC6FF, 0xC6FF, 0xC6FF, 0xC6FF, 0x0042, 0x0042, 0x0042, 0x0042,
  0x0042, 0x0042, 0x0042, 0x0042, 0xC6FF, 0xC6FF, 0xC6FF, 0xC6FF, 0xC6FF, 0xC6FF, 0xC6FF, 0xC6FF,
  0xC6FF, 0xC6FF, 0xC6FF, 0xC6FF, 0xC6FF, 0xC6FF, 0xC6FF, 0xC6FF, 0xC6FF, 0xC6FF, 0xC6FF, 0xC6FF,
  0xC6FF, 0xC6FF, 0xC6FF, 0xC6FF, 0x0042, 0x0042, 0x0042, 0x0042, 0x0042, 0x0042, 0x0042, 0x0042,
  0xC6FF, 0xC6FF, 0xC6FF, 0xC6FF, 0xC6FF, 0xC6FF, 0xC6FF, 0xC6FF, 0xC6FF, 0xC6FF, 0xC6FF, 0xC6FF,
  0xC6FF, 0xC6FF, 0xC6FF, 0xC6FF, 0xC6FF, 0xC6FF, 0xC6FF, 0xC6FF, 0xC6FF, 0xC6FF, 0xC6FF, 0xC6FF,
  0x0042, 0x0042, 0x0042, 0x0042, 0x0042, 0x0042, 0x0042, 0x0042, 0xC6FF, 0xC6FF, 0x0042, 0x0042,
  0xC6FF, 0xC6FF, 0x0042, 0x0042, 0xC6FF, 0xC6FF, 0xC6FF, 0xC6FF, 0xC6FF, 0xC6FF, 0xC6FF, 0xC6FF,
  0xC6FF, 0xC6FF, 0xC6FF, 0xC6FF, 0xC6FF, 0xC6FF, 0xC6FF, 0xC6FF, 0x0042, 0x0042, 0x0042, 0x0042,
  0x0042, 0x0042, 0x0042, 0x0042, 0xC6FF, 0xC6FF, 0x0042, 0x0042, 0xC6FF, 0xC6FF, 0x0042, 0x0042,
  0xC6FF, 0xC6FF, 0xC6FF, 0xC6FF, 0xC6FF, 0xC6FF, 0xC6FF, 0xC6FF, 0xC6FF, 0xC6FF, 0xC6FF, 0xC6FF,
  0xC6FF, 0xC6FF, 0xC6FF, 0xC6FF, 0x0042, 0x0042, 0x0042, 0x0042, 0x0042, 0x0042, 0x0042, 0x0042,
  0xC6FF, 0xC6FF, 0x0042, 0x0042, 0xC6FF, 0xC6FF, 0x0042, 0x0042, 0xC6FF, 0xC6FF, 0xC6FF, 0xC6FF,
  0xC6FF, 0xC6FF, 0xC6FF, 0xC6FF, 0x0042, 0x0042, 0x0042, 0x0042, 0xC6FF, 0xC6FF, 0x0042, 0x0042,
  0x0042, 0x0042, 0x0042, 0x0042, 0x0042, 0x0042, 0x0042, 0x0042, 0xC6FF, 0xC6FF, 0x0042, 0x0042,
  0xC6FF, 0xC6FF, 0x0042, 0x0042, 0xC6FF, 0xC6FF, 0xC6FF, 0xC6FF, 0xC6FF, 0xC6FF, 0xC6FF, 0xC6FF,
  0x0042, 0x0042, 0x0042, 0x0042, 0xC6FF, 0xC6FF, 0x0042, 0x0042, 0x0042, 0x0042, 0x0042, 0x0042,
  0x0042, 0x0042, 0x0042, 0x0042, 0xC6FF, 0xC6FF, 0x0042, 0x0042, 0xC6FF, 0xC6FF, 0x0042, 0x0042,
  0xC6FF, 0xC6FF, 0xC6FF, 0xC6FF, 0xC6FF, 0xC6FF, 0x0042, 0x0042, 0xC6FF, 0xC6FF, 0xC6FF, 0xC6FF,
  0x0042, 0x0042, 0xC6FF, 0xC6FF, 0xC6FF, 0xC6FF, 0x0042, 0x0042, 0x0042, 0x0042, 0x0042, 0x0042,
  0xC6FF, 0xC6FF, 0x0042, 0x0042, 0xC6FF, 0xC6FF, 0x0042, 0x0042, 0xC6FF, 0xC6FF, 0xC6FF, 0xC6FF,
  0xC6FF, 0xC6FF, 0x0042, 0x0042, 0xC6FF, 0xC6FF, 0xC6FF, 0xC6FF, 0x0042, 0x0042, 0xC6FF, 0xC6FF,
  0xC6FF, 0xC6FF, 0x0042, 0x0042, 0x0042, 0x0042, 0x0042, 0x0042, 0xC6FF, 0xC6FF, 0xC6FF, 0xC6FF,
  0xC6FF, 0xC6FF, 0xC6FF, 0xC6FF, 0xC6FF, 0xC6FF, 0xC6FF, 0xC6FF, 0x0042, 0x0042, 0xC6FF, 0xC6FF,
  0x0042, 0x0042, 0x0042, 0x0042, 0xC6FF, 0xC6FF, 0x0042, 0x0042, 0x0042, 0x0042, 0xC6FF, 0xC6FF,
  0x0042, 0x0042, 0x0042, 0x0042, 0xC6FF, 0xC6FF, 0xC6FF, 0xC6FF, 0xC6FF, 0xC6FF, 0xC6FF, 0xC6FF,
  0xC6FF, 0xC6FF, 0xC6FF, 0xC6FF, 0x0042, 0x0042, 0xC6FF, 0xC6FF, 0x0042, 0x0042, 0x0042, 0x0042,
  0xC6FF, 0xC6FF, 0x0042, 0x0042, 0x0042, 0x0042, 0xC6FF, 0xC6FF, 0x0042, 0x0042, 0x0042, 0x0042,
  0x0042, 0x0042, 0x0042, 0x0042, 0x0042, 0x0042, 0x0042, 0x0042, 0x0042, 0x0042, 0x0042, 0x0042,
  0x0042, 0x0042, 0xC6FF, 0xC6FF, 0x0042, 0x0042, 0x0042, 0x0042, 0xC6FF, 0xC6FF, 0x0042, 0x0042,
  0x0042, 0x0042, 0xC6FF, 0xC6FF, 0x0042, 0x0042, 0x0042, 0x0042, 0x0042, 0x0042, 0x0042, 0x0042,
  0x0042, 0x0042, 0x0042, 0x0042, 0x0042, 0x0042, 0x0042, 0x0042, 0x0042, 0x0042, 0xC6FF, 0xC6FF,
  0x0042, 0x0042, 0x0042, 0x0042, 0xC6FF, 0xC6FF, 0x0042, 0x0042, 0x0042, 0x0042, 0xC6FF, 0xC6FF,
  0x0042, 0x0042, 0x0042, 0x0042, 0x0042, 0x0042, 0x0042, 0x0042, 0x0042, 0x0042, 0x0042, 0x0042,
  0x0042, 0x0042, 0x0042, 0x0042, 0x0042, 0x0042, 0x0042, 0x0042, 0xC6FF, 0xC6FF, 0xC6FF, 0xC6FF,
  0x0042, 0x0042, 0xC6FF, 0xC6FF, 0xC6FF, 0xC6FF, 0x0042, 0x0042, 0x0042, 0x0042, 0x0042, 0x0042,
  0x0042, 0x0042, 0x0042, 0x0042, 0x0042, 0x0042, 0x0042, 0x0042, 0x0042, 0x0042, 0x0042, 0x0042,
  0x0042, 0x0042, 0x0042, 0x0042, 0xC6FF, 0xC6FF, 0xC6FF, 0xC6FF, 0x0042, 0x0042, 0xC6FF, 0xC6FF,
  0xC6FF, 0xC6FF, 0x0042, 0x0042, 0x0042, 0x0042, 0x12FB, 0x12FB, 0x12FB, 0x12FB, 0x12FB, 0x12FB,
  0x12FB, 0x12FB, 0x12FB, 0x12FB, 0x12FB, 0x12FB, 0x12FB, 0x12FB, 0x12FB, 0x12FB, 0x12FB, 0x12FB,
  0x0042, 0x0042, 0x0042, 0x0042, 0x12FB, 0x12FB, 0x0042, 0x0042, 0x0042, 0x0042, 0x0042, 0x0042,
  0x0042, 0x0042, 0x12FB, 0x12FB, 0x12FB, 0x12FB, 0x12FB, 0x12FB, 0x12FB, 0x12FB, 0x12FB, 0x12FB,
  0x12FB, 0x12FB, 0x12FB, 0x12FB, 0x12FB, 0x12FB, 0x12FB, 0x12FB, 0x0042, 0x0042, 0x0042, 0x0042,
  0x12FB, 0x12FB, 0x0042, 0x0042, 0x0042, 0x0042, 0x0042, 0x0042, 0x0042, 0x0042, 0x12FB, 0x12FB,
  0x12FB, 0x12FB, 0x12FB, 0x12FB, 0x12FB, 0x12FB, 0x12FB, 0x12FB, 0x12FB, 0x12FB, 0x12FB, 0x12FB,
  0x12FB, 0x12FB, 0x12FB, 0x12FB, 0x12FB, 0x12FB, 0x12FB, 0x12FB, 0x12FB, 0x12FB, 0x12FB, 0x12FB,
  0x0042, 0x0042, 0x0042, 0x0042, 0x0042, 0x0042, 0x12FB, 0x12FB, 0x12FB, 0x12FB, 0x12FB, 0x12FB,
  0x12FB, 0x12FB, 0x12FB, 0x12FB, 0x12FB, 0x12FB, 0x12FB, 0x12FB, 0x12FB, 0x12FB, 0x12FB, 0x12FB,
  0x12FB, 0x12FB, 0x12FB, 0x12FB, 0x12FB, 0x12FB, 0x12FB, 0x12FB, 0x0042, 0x0042, 0x0042, 0x0042,
  0xFB79, 0xFB79, 0xFB79, 0xFB79, 0xFB79, 0xFB79, 0xFB79, 0xFB79, 0x12FB, 0x12FB, 0x12FB, 0x12FB,
  0x12FB, 0x12FB, 0x12FB, 0x12FB, 0x12FB, 0x12FB, 0x12FB, 0x12FB, 0x12FB, 0x12FB, 0x12FB, 0x12FB,
  0x12FB, 0x12FB, 0x12FB, 0x12FB, 0x0042, 0x0042, 0x0042, 0x0042, 0xFB79, 0xFB79, 0xFB79, 0xFB79,
  0xFB79, 0xFB79, 0xFB79, 0xFB79, 0x12FB, 0x12FB, 0x12FB, 0x12FB, 0x12FB, 0x12FB, 0x12FB, 0x12FB,
  0x12FB, 0x12FB, 0x12FB, 0x12FB, 0x12FB, 0x12FB, 0x12FB, 0x12FB, 0x12FB, 0x12FB, 0x12FB, 0x12FB,
  0x0042, 0x0042, 0x0042, 0x0042, 0x0042, 0x0042, 0xFB79, 0xFB79, 0xFB79, 0xFB79, 0xFB79, 0xFB79,
  0xFB79, 0xFB79, 0x12FB, 0x12FB, 0x12FB, 0x12FB, 0x12FB, 0x12FB, 0x12FB, 0x12FB, 0x12FB, 0x12FB,
  0x12FB, 0x12FB, 0x12FB, 0x12FB, 0x12FB, 0x12FB, 0x0042, 0x0042, 0x0042, 0x0042, 0x0042, 0x0042,
  0x0042, 0x0042, 0xFB79, 0xFB79, 0xFB79, 0xFB79, 0xFB79, 0xFB79, 0xFB79, 0xFB79, 0x12FB, 0x12FB,
  0x12FB, 0x12FB, 0x12FB, 0x12FB, 0x12FB, 0x12FB, 0x12FB, 0x12FB, 0x12FB, 0x12FB, 0x12FB, 0x12FB,
  0x12FB, 0x12FB, 0x0042, 0x0042, 0x0042, 0x0042, 0x0042, 0x0042, 0x0042, 0x0042, 0x0042, 0x0042,
  0xFB79, 0xFB79, 0xFB79, 0xFB79, 0xFB79, 0xFB79, 0xFB79, 0xFB79, 0x0042, 0x0042, 0x0042, 0x0042,
  0xFB79, 0xFB79, 0xFB79, 0xFB79, 0xFB79, 0xFB79, 0x0042, 0x0042, 0x0042, 0x0042, 0x0042, 0x0042,
  0x0042, 0x0042, 0x0042, 0x0042, 0x0042, 0x0042, 0x0042, 0x0042, 0xFB79, 0xFB79, 0xFB79, 0xFB79,
  0xFB79, 0xFB79, 0xFB79, 0xFB79, 0x0042, 0x0042, 0x0042, 0x0042, 0xFB79, 0xFB79, 0xFB79, 0xFB79,
  0xFB79, 0xFB79, 0x0042, 0x0042, 0x0042, 0x0042, 0x0042, 0x0042, 0x0042, 0x0042, 0x0042, 0x0042,
  0x0042, 0x0042, 0x0042, 0x0042, 0x0042, 0x0042, 0x0042, 0x0042, 0x0042, 0x0042, 0x0042, 0x0042,
  0xFB79, 0xFB79, 0xFB79, 0xFB79, 0xFB79, 0xFB79, 0xFB79, 0xFB79, 0xFB79, 0xFB79, 0xFB79, 0xFB79,
  0x0042, 0x0042, 0x0042, 0x0042, 0x0042, 0x0042, 0x0042, 0x0042, 0x0042, 0x0042, 0x0042, 0x0042,
  0x0042, 0x0042, 0x0042, 0x0042, 0x0042, 0x0042, 0x0042, 0x0042, 0xFB79, 0xFB79, 0xFB79, 0xFB79,
  0xFB79, 0xFB79, 0xFB79, 0xFB79, 0xFB79, 0xFB79, 0xFB79, 0xFB79, 0x0042, 0x0042, 0x0042, 0x0042,
  0x0042, 0x0042, 0x0042, 0x0042,
};

const int BB_SPR_ZENCHAN_WALK1_L_W = 32;
const int BB_SPR_ZENCHAN_WALK1_L_H = 32;
const uint16_t BB_SPR_ZENCHAN_WALK1_L[1024] PROGMEM = {
  0x0042, 0x0042, 0x0042, 0x0042, 0x0042, 0x0042, 0x0042, 0x0042, 0x0042, 0x0042, 0x0042, 0x0042,
  0xC6FF, 0xC6FF, 0xC6FF, 0xC6FF, 0xC6FF, 0xC6FF, 0xC6FF, 0xC6FF, 0xC6FF, 0xC6FF, 0xC6FF, 0xC6FF,
  0x0042, 0x0042, 0x0042, 0x0042, 0x0042, 0x0042, 0x0042, 0x0042, 0x0042, 0x0042, 0x0042, 0x0042,
  0x0042, 0x0042, 0x0042, 0x0042, 0x0042, 0x0042, 0x0042, 0x0042, 0xC6FF, 0xC6FF, 0xC6FF, 0xC6FF,
  0xC6FF, 0xC6FF, 0xC6FF, 0xC6FF, 0xC6FF, 0xC6FF, 0xC6FF, 0xC6FF, 0x0042, 0x0042, 0x0042, 0x0042,
  0x0042, 0x0042, 0x0042, 0x0042, 0x0042, 0x0042, 0x0042, 0x0042, 0x0042, 0x0042, 0xC6FF, 0xC6FF,
  0xC6FF, 0xC6FF, 0xC6FF, 0xC6FF, 0xC6FF, 0xC6FF, 0xC6FF, 0xC6FF, 0xC6FF, 0xC6FF, 0xC6FF, 0xC6FF,
  0xC6FF, 0xC6FF, 0xC6FF, 0xC6FF, 0xC6FF, 0xC6FF, 0x0042, 0x0042, 0x0042, 0x0042, 0x0042, 0x0042,
  0x0042, 0x0042, 0x0042, 0x0042, 0x0042, 0x0042, 0xC6FF, 0xC6FF, 0xC6FF, 0xC6FF, 0xC6FF, 0xC6FF,
  0xC6FF, 0xC6FF, 0xC6FF, 0xC6FF, 0xC6FF, 0xC6FF, 0xC6FF, 0xC6FF, 0xC6FF, 0xC6FF, 0xC6FF, 0xC6FF,
  0xC6FF, 0xC6FF, 0x0042, 0x0042, 0x0042, 0x0042, 0x0042, 0x0042, 0x0042, 0x0042, 0x0042, 0x0042,
  0xC6FF, 0xC6FF, 0xC6FF, 0xC6FF, 0xC6FF, 0xC6FF, 0xC6FF, 0xC6FF, 0xC6FF, 0xC6FF, 0xC6FF, 0xC6FF,
  0xC6FF, 0xC6FF, 0xC6FF, 0xC6FF, 0xC6FF, 0xC6FF, 0xC6FF, 0xC6FF, 0xC6FF, 0xC6FF, 0xC6FF, 0xC6FF,
  0x0042, 0x0042, 0x0042, 0x0042, 0x0042, 0x0042, 0x0042, 0x0042, 0xC6FF, 0xC6FF, 0xC6FF, 0xC6FF,
  0xC6FF, 0xC6FF, 0xC6FF, 0xC6FF, 0xC6FF, 0xC6FF, 0xC6FF, 0xC6FF, 0xC6FF, 0xC6FF, 0xC6FF, 0xC6FF,
  0xC6FF, 0xC6FF, 0xC6FF, 0xC6FF, 0xC6FF, 0xC6FF, 0xC6FF, 0xC6FF, 0x0042, 0x0042, 0x0042, 0x0042,
  0x0042, 0x0042, 0x0042, 0x0042, 0xC6FF, 0xC6FF, 0xC6FF, 0xC6FF, 0xC6FF, 0xC6FF, 0xC6FF, 0xC6FF,
  0xC6FF, 0xC6FF, 0xC6FF, 0xC6FF, 0xC6FF, 0xC6FF, 0xC6FF, 0xC6FF, 0xC6FF, 0xC6FF, 0xC6FF, 0xC6FF,
  0xC6FF, 0xC6FF, 0xC6FF, 0xC6FF, 0x0042, 0x0042, 0x0042, 0x0042, 0x0042, 0x0042, 0x0042, 0x0042,
  0xC6FF, 0xC6FF, 0xC6FF, 0xC6FF, 0xC6FF, 0xC6FF, 0xC6FF, 0xC6FF, 0xC6FF, 0xC6FF, 0xC6FF, 0xC6FF,
  0xC6FF, 0xC6FF, 0xC6FF, 0xC6FF, 0xC6FF, 0xC6FF, 0xC6FF, 0xC6FF, 0xC6FF, 0xC6FF, 0xC6FF, 0xC6FF,
  0x0042, 0x0042, 0x0042, 0x0042, 0x0042, 0x0042, 0x0042, 0x0042, 0xC6FF, 0xC6FF, 0xC6FF, 0xC6FF,
  0xC6FF, 0xC6FF, 0xC6FF, 0xC6FF, 0xC6FF, 0xC6FF, 0xC6FF, 0xC6FF, 0xC6FF, 0xC6FF, 0xC6FF, 0xC6FF,
  0x0042, 0x0042, 0xC6FF, 0xC6FF, 0x0042, 0x0042, 0xC6FF, 0xC6FF, 0x0042, 0x0042, 0x0042, 0x0042,
  0x0042, 0x0042, 0x0042, 0x0042, 0xC6FF, 0xC6FF, 0xC6FF, 0xC6FF, 0xC6FF, 0xC6FF, 0xC6FF, 0xC6FF,
  0xC6FF, 0xC6FF, 0xC6FF, 0xC6FF, 0xC6FF, 0xC6FF, 0xC6FF, 0xC6FF, 0x0042, 0x0042, 0xC6FF, 0xC6FF,
  0x0042, 0x0042, 0xC6FF, 0xC6FF, 0x0042, 0x0042, 0x0042, 0x0042, 0x0042, 0x0042, 0x0042, 0x0042,
  0x0042, 0x0042, 0xC6FF, 0xC6FF, 0x0042, 0x0042, 0x0042, 0x0042, 0xC6FF, 0xC6FF, 0xC6FF, 0xC6FF,
  0xC6FF, 0xC6FF, 0xC6FF, 0xC6FF, 0x0042, 0x0042, 0xC6FF, 0xC6FF, 0x0042, 0x0042, 0xC6FF, 0xC6FF,
  0x0042, 0x0042, 0x0042, 0x0042, 0x0042, 0x0042, 0x0042, 0x0042, 0x0042, 0x0042, 0xC6FF, 0xC6FF,
  0x0042, 0x0042, 0x0042, 0x0042, 0xC6FF, 0xC6FF, 0xC6FF, 0xC6FF, 0xC6FF, 0xC6FF, 0xC6FF, 0xC6FF,
  0x0042, 0x0042, 0xC6FF, 0xC6FF, 0x0042, 0x0042, 0xC6FF, 0xC6FF, 0x0042, 0x0042, 0x0042, 0x0042,
  0x0042, 0x0042, 0xC6FF, 0xC6FF, 0xC6FF, 0xC6FF, 0x0042, 0x0042, 0xC6FF, 0xC6FF, 0xC6FF, 0xC6FF,
  0x0042, 0x0042, 0xC6FF, 0xC6FF, 0xC6FF, 0xC6FF, 0xC6FF, 0xC6FF, 0x0042, 0x0042, 0xC6FF, 0xC6FF,
  0x0042, 0x0042, 0xC6FF, 0xC6FF, 0x0042, 0x0042, 0x0042, 0x0042, 0x0042, 0x0042, 0xC6FF, 0xC6FF,
  0xC6FF, 0xC6FF, 0x0042, 0x0042, 0xC6FF, 0xC6FF, 0xC6FF, 0xC6FF, 0x0042, 0x0042, 0xC6FF, 0xC6FF,
  0xC6FF, 0xC6FF, 0xC6FF, 0xC6FF, 0x0042, 0x0042, 0xC6FF, 0xC6FF, 0x0042, 0x0042, 0xC6FF, 0xC6FF,
  0x0042, 0x0042, 0x0042, 0x0042, 0xC6FF, 0xC6FF, 0x0042, 0x0042, 0x0042, 0x0042, 0xC6FF, 0xC6FF,
  0x0042, 0x0042, 0x0042, 0x0042, 0xC6FF, 0xC6FF, 0x0042, 0x0042, 0xC6FF, 0xC6FF, 0xC6FF, 0xC6FF,
  0xC6FF, 0xC6FF, 0xC6FF, 0xC6FF, 0xC6FF, 0xC6FF, 0xC6FF, 0xC6FF, 0x0042, 0x0042, 0x0042, 0x0042,
  0xC6FF, 0xC6FF, 0x0042, 0x0042, 0x0042, 0x0042, 0xC6FF, 0xC6FF, 0x0042, 0x0042, 0x0042, 0x0042,
  0xC6FF, 0xC6FF, 0x0042, 0x0042, 0xC6FF, 0xC6FF, 0xC6FF, 0xC6FF, 0xC6FF, 0xC6FF, 0xC6FF, 0xC6FF,
  0xC6FF, 0xC6FF, 0xC6FF, 0xC6FF, 0x0042, 0x0042, 0x0042, 0x0042, 0xC6FF, 0xC6FF, 0x0042, 0x0042,
  0x0042, 0x0042, 0xC6FF, 0xC6FF, 0x0042, 0x0042, 0x0042, 0x0042, 0xC6FF, 0xC6FF, 0x0042, 0x0042,
  0x0042, 0x0042, 0x0042, 0x0042, 0x0042, 0x0042, 0x0042, 0x0042, 0x0042, 0x0042, 0x0042, 0x0042,
  0x0042, 0x0042, 0x0042, 0x0042, 0xC6FF, 0xC6FF, 0x0042, 0x0042, 0x0042, 0x0042, 0xC6FF, 0xC6FF,
  0x0042, 0x0042, 0x0042, 0x0042, 0xC6FF, 0xC6FF, 0x0042, 0x0042, 0x0042, 0x0042, 0x0042, 0x0042,
  0x0042, 0x0042, 0x0042, 0x0042, 0x0042, 0x0042, 0x0042, 0x0042, 0x0042, 0x0042, 0x0042, 0x0042,
  0x0042, 0x0042, 0xC6FF, 0xC6FF, 0xC6FF, 0xC6FF, 0x0042, 0x0042, 0xC6FF, 0xC6FF, 0xC6FF, 0xC6FF,
  0x0042, 0x0042, 0x0042, 0x0042, 0x0042, 0x0042, 0x0042, 0x0042, 0x0042, 0x0042, 0x0042, 0x0042,
  0x0042, 0x0042, 0x0042, 0x0042, 0x0042, 0x0042, 0x0042, 0x0042, 0x0042, 0x0042, 0xC6FF, 0xC6FF,
  0xC6FF, 0xC6FF, 0x0042, 0x0042, 0xC6FF, 0xC6FF, 0xC6FF, 0xC6FF, 0x0042, 0x0042, 0x0042, 0x0042,
  0x0042, 0x0042, 0x0042, 0x0042, 0x0042, 0x0042, 0x0042, 0x0042, 0x0042, 0x0042, 0x0042, 0x0042,
  0x0042, 0x0042, 0x0042, 0x0042, 0x0042, 0x0042, 0x0042, 0x0042, 0x0042, 0x0042, 0x12FB, 0x12FB,
  0x0042, 0x0042, 0x0042, 0x0042, 0x12FB, 0x12FB, 0x12FB, 0x12FB, 0x12FB, 0x12FB, 0x12FB, 0x12FB,
  0x12FB, 0x12FB, 0x12FB, 0x12FB, 0x12FB, 0x12FB, 0x12FB, 0x12FB, 0x12FB, 0x12FB, 0x0042, 0x0042,
  0x0042, 0x0042, 0x0042, 0x0042, 0x0042, 0x0042, 0x12FB, 0x12FB, 0x0042, 0x0042, 0x0042, 0x0042,
  0x12FB, 0x12FB, 0x12FB, 0x12FB, 0x12FB, 0x12FB, 0x12FB, 0x12FB, 0x12FB, 0x12FB, 0x12FB, 0x12FB,
  0x12FB, 0x12FB, 0x12FB, 0x12FB, 0x12FB, 0x12FB, 0x0042, 0x0042, 0x0042, 0x0042, 0x0042, 0x0042,
  0x12FB, 0x12FB, 0x12FB, 0x12FB, 0x12FB, 0x12FB, 0x12FB, 0x12FB, 0x12FB, 0x12FB, 0x12FB, 0x12FB,
  0x12FB, 0x12FB, 0x12FB, 0x12FB, 0x12FB, 0x12FB, 0x12FB, 0x12FB, 0x12FB, 0x12FB, 0x12FB, 0x12FB,
  0x12FB, 0x12FB, 0x0042, 0x0042, 0x0042, 0x0042, 0x0042, 0x0042, 0x12FB, 0x12FB, 0x12FB, 0x12FB,
  0x12FB, 0x12FB, 0x12FB, 0x12FB, 0x12FB, 0x12FB, 0x12FB, 0x12FB, 0x12FB, 0x12FB, 0x12FB, 0x12FB,
  0x12FB, 0x12FB, 0x12FB, 0x12FB, 0x12FB, 0x12FB, 0x12FB, 0x12FB, 0x12FB, 0x12FB, 0x0042, 0x0042,
  0x0042, 0x0042, 0x0042, 0x0042, 0x12FB, 0x12FB, 0x12FB, 0x12FB, 0x12FB, 0x12FB, 0x12FB, 0x12FB,
  0x12FB, 0x12FB, 0x12FB, 0x12FB, 0x12FB, 0x12FB, 0x12FB, 0x12FB, 0x12FB, 0x12FB, 0x12FB, 0x12FB,
  0xFB79, 0xFB79, 0xFB79, 0xFB79, 0xFB79, 0xFB79, 0xFB79, 0xFB79, 0x0042, 0x0042, 0x0042, 0x0042,
  0x12FB, 0x12FB, 0x12FB, 0x12FB, 0x12FB, 0x12FB, 0x12FB, 0x12FB, 0x12FB, 0x12FB, 0x12FB, 0x12FB,
  0x12FB, 0x12FB, 0x12FB, 0x12FB, 0x12FB, 0x12FB, 0x12FB, 0x12FB, 0xFB79, 0xFB79, 0xFB79, 0xFB79,
  0xFB79, 0xFB79, 0xFB79, 0xFB79, 0x0042, 0x0042, 0x0042, 0x0042, 0x0042, 0x0042, 0x12FB, 0x12FB,
  0x12FB, 0x12FB, 0x12FB, 0x12FB, 0x12FB, 0x12FB, 0x12FB, 0x12FB, 0x12FB, 0x12FB, 0x12FB, 0x12FB,
  0x12FB, 0x12FB, 0xFB79, 0xFB79, 0xFB79, 0xFB79, 0xFB79, 0xFB79, 0xFB79, 0xFB79, 0x0042, 0x0042,
  0x0042, 0x0042, 0x0042, 0x0042, 0x0042, 0x0042, 0x12FB, 0x12FB, 0x12FB, 0x12FB, 0x12FB, 0x12FB,
  0x12FB, 0x12FB, 0x12FB, 0x12FB, 0x12FB, 0x12FB, 0x12FB, 0x12FB, 0x12FB, 0x12FB, 0xFB79, 0xFB79,
  0xFB79, 0xFB79, 0xFB79, 0xFB79, 0xFB79, 0xFB79, 0x0042, 0x0042, 0x0042, 0x0042, 0x0042, 0x0042,
  0x0042, 0x0042, 0x0042, 0x0042, 0x0042, 0x0042, 0xFB79, 0xFB79, 0xFB79, 0xFB79, 0xFB79, 0xFB79,
  0x0042, 0x0042, 0x0042, 0x0042, 0xFB79, 0xFB79, 0xFB79, 0xFB79, 0xFB79, 0xFB79, 0xFB79, 0xFB79,
  0x0042, 0x0042, 0x0042, 0x0042, 0x0042, 0x0042, 0x0042, 0x0042, 0x0042, 0x0042, 0x0042, 0x0042,
  0x0042, 0x0042, 0xFB79, 0xFB79, 0xFB79, 0xFB79, 0xFB79, 0xFB79, 0x0042, 0x0042, 0x0042, 0x0042,
  0xFB79, 0xFB79, 0xFB79, 0xFB79, 0xFB79, 0xFB79, 0xFB79, 0xFB79, 0x0042, 0x0042, 0x0042, 0x0042,
  0x0042, 0x0042, 0x0042, 0x0042, 0x0042, 0x0042, 0x0042, 0x0042, 0xFB79, 0xFB79, 0xFB79, 0xFB79,
  0xFB79, 0xFB79, 0xFB79, 0xFB79, 0xFB79, 0xFB79, 0xFB79, 0xFB79, 0x0042, 0x0042, 0x0042, 0x0042,
  0x0042, 0x0042, 0x0042, 0x0042, 0x0042, 0x0042, 0x0042, 0x0042, 0x0042, 0x0042, 0x0042, 0x0042,
  0x0042, 0x0042, 0x0042, 0x0042, 0xFB79, 0xFB79, 0xFB79, 0xFB79, 0xFB79, 0xFB79, 0xFB79, 0xFB79,
  0xFB79, 0xFB79, 0xFB79, 0xFB79, 0x0042, 0x0042, 0x0042, 0x0042, 0x0042, 0x0042, 0x0042, 0x0042,
  0x0042, 0x0042, 0x0042, 0x0042,
};

const int BB_SPR_BUBBLE_W = 32;
const int BB_SPR_BUBBLE_H = 32;
const uint16_t BB_SPR_BUBBLE[1024] PROGMEM = {
  0x0042, 0x0042, 0x0042, 0x0042, 0x0042, 0x0042, 0x0042, 0x0042, 0x0042, 0x0042, 0x0042, 0x0042,
  0x5F26, 0x5F26, 0x5F26, 0x5F26, 0x5F26, 0x5F26, 0x5F26, 0x5F26, 0x0042, 0x0042, 0x0042, 0x0042,
  0x0042, 0x0042, 0x0042, 0x0042, 0x0042, 0x0042, 0x0042, 0x0042, 0x0042, 0x0042, 0x0042, 0x0042,
  0x0042, 0x0042, 0x0042, 0x0042, 0x0042, 0x0042, 0x0042, 0x0042, 0x5F26, 0x5F26, 0x5F26, 0x5F26,
  0x5F26, 0x5F26, 0x5F26, 0x5F26, 0x0042, 0x0042, 0x0042, 0x0042, 0x0042, 0x0042, 0x0042, 0x0042,
  0x0042, 0x0042, 0x0042, 0x0042, 0x0042, 0x0042, 0x0042, 0x0042, 0x0042, 0x0042, 0x0042, 0x0042,
  0x5F26, 0x5F26, 0x5F26, 0x5F26, 0x0042, 0x0042, 0x0042, 0x0042, 0x0042, 0x0042, 0x0042, 0x0042,
  0x5F26, 0x5F26, 0x5F26, 0x5F26, 0x0042, 0x0042, 0x0042, 0x0042, 0x0042, 0x0042, 0x0042, 0x0042,
  0x0042, 0x0042, 0x0042, 0x0042, 0x0042, 0x0042, 0x0042, 0x0042, 0x5F26, 0x5F26, 0x5F26, 0x5F26,
  0x0042, 0x0042, 0x0042, 0x0042, 0x0042, 0x0042, 0x0042, 0x0042, 0x5F26, 0x5F26, 0x5F26, 0x5F26,
  0x0042, 0x0042, 0x0042, 0x0042, 0x0042, 0x0042, 0x0042, 0x0042, 0x0042, 0x0042, 0x0042, 0x0042,
  0x0042, 0x0042, 0x5F26, 0x5F26, 0x0042, 0x0042, 0xFFFF, 0xFFFF, 0x0042, 0x0042, 0x0042, 0x0042,
  0x0042, 0x0042, 0x0042, 0x0042, 0x0042, 0x0042, 0x0042, 0x0042, 0x5F26, 0x5F26, 0x0042, 0x0042,
  0x0042, 0x0042, 0x0042, 0x0042, 0x0042, 0x0042, 0x0042, 0x0042, 0x0042, 0x0042, 0x5F26, 0x5F26,
  0x0042, 0x0042, 0xFFFF, 0xFFFF, 0x0042, 0x0042, 0x0042, 0x0042, 0x0042, 0x0042, 0x0042, 0x0042,
  0x0042, 0x0042, 0x0042, 0x0042, 0x5F26, 0x5F26, 0x0042, 0x0042, 0x0042, 0x0042, 0x0042, 0x0042,
  0x0042, 0x0042, 0x0042, 0x0042, 0x0042, 0x0042, 0x5F26, 0x5F26, 0xFFFF, 0xFFFF, 0xFFFF, 0xFFFF,
  0xFFFF, 0xFFFF, 0x0042, 0x0042, 0x0042, 0x0042, 0x0042, 0x0042, 0x0042, 0x0042, 0x0042, 0x0042,
  0x5F26, 0x5F26, 0x0042, 0x0042, 0x0042, 0x0042, 0x0042, 0x0042, 0x0042, 0x0042, 0x0042, 0x0042,
  0x0042, 0x0042, 0x5F26, 0x5F26, 0xFFFF, 0xFFFF, 0xFFFF, 0xFFFF, 0xFFFF, 0xFFFF, 0x0042, 0x0042,
  0x0042, 0x0042, 0x0042, 0x0042, 0x0042, 0x0042, 0x0042, 0x0042, 0x5F26, 0x5F26, 0x0042, 0x0042,
  0x0042, 0x0042, 0x0042, 0x0042, 0x0042, 0x0042, 0x0042, 0x0042, 0x5F26, 0x5F26, 0x0042, 0x0042,
  0xFFFF, 0xFFFF, 0xFFFF, 0xFFFF, 0xFFFF, 0xFFFF, 0x0042, 0x0042, 0x0042, 0x0042, 0x0042, 0x0042,
  0x0042, 0x0042, 0x0042, 0x0042, 0x0042, 0x0042, 0x5F26, 0x5F26, 0x0042, 0x0042, 0x0042, 0x0042,
  0x0042, 0x0042, 0x0042, 0x0042, 0x5F26, 0x5F26, 0x0042, 0x0042, 0xFFFF, 0xFFFF, 0xFFFF, 0xFFFF,
  0xFFFF, 0xFFFF, 0x0042, 0x0042, 0x0042, 0x0042, 0x0042, 0x0042, 0x0042, 0x0042, 0x0042, 0x0042,
  0x0042, 0x0042, 0x5F26, 0x5F26, 0x0042, 0x0042, 0x0042, 0x0042, 0x0042, 0x0042, 0x0042, 0x0042,
  0x5F26, 0x5F26, 0x0042, 0x0042, 0xFFFF, 0xFFFF, 0xFFFF, 0xFFFF, 0xFFFF, 0xFFFF, 0x0042, 0x0042,
  0x0042, 0x0042, 0x0042, 0x0042, 0x0042, 0x0042, 0x0042, 0x0042, 0x0042, 0x0042, 0x5F26, 0x5F26,
  0x0042, 0x0042, 0x0042, 0x0042, 0x0042, 0x0042, 0x0042, 0x0042, 0x5F26, 0x5F26, 0x0042, 0x0042,
  0xFFFF, 0xFFFF, 0xFFFF, 0xFFFF, 0xFFFF, 0xFFFF, 0x0042, 0x0042, 0x0042, 0x0042, 0x0042, 0x0042,
  0x0042, 0x0042, 0x0042, 0x0042, 0x0042, 0x0042, 0x5F26, 0x5F26, 0x0042, 0x0042, 0x0042, 0x0042,
  0x0042, 0x0042, 0x5F26, 0x5F26, 0x0042, 0x0042, 0x0042, 0x0042, 0x0042, 0x0042, 0xFFFF, 0xFFFF,
  0x0042, 0x0042, 0x0042, 0x0042, 0x0042, 0x0042, 0x0042, 0x0042, 0x0042, 0x0042, 0x0042, 0x0042,
  0x0042, 0x0042, 0x0042, 0x0042, 0x5F26, 0x5F26, 0x0042, 0x0042, 0x0042, 0x0042, 0x5F26, 0x5F26,
  0x0042, 0x0042, 0x0042, 0x0042, 0x0042, 0x0042, 0xFFFF, 0xFFFF, 0x0042, 0x0042, 0x0042, 0x0042,
  0x0042, 0x0042, 0x0042, 0x0042, 0x0042, 0x0042, 0x0042, 0x0042, 0x0042, 0x0042, 0x0042, 0x0042,
  0x5F26, 0x5F26, 0x0042, 0x0042, 0x0042, 0x0042, 0x5F26, 0x5F26, 0x0042, 0x0042, 0x0042, 0x0042,
  0x0042, 0x0042, 0x0042, 0x0042, 0x0042, 0x0042, 0x0042, 0x0042, 0x0042, 0x0042, 0x0042, 0x0042,
  0x0042, 0x0042, 0x0042, 0x0042, 0x0042, 0x0042, 0x0042, 0x0042, 0x5F26, 0x5F26, 0x0042, 0x0042,
  0x0042, 0x0042, 0x5F26, 0x5F26, 0x0042, 0x0042, 0x0042, 0x0042, 0x0042, 0x0042, 0x0042, 0x0042,
  0x0042, 0x0042, 0x0042, 0x0042, 0x0042, 0x0042, 0x0042, 0x0042, 0x0042, 0x0042, 0x0042, 0x0042,
  0x0042, 0x0042, 0x0042, 0x0042, 0x5F26, 0x5F26, 0x0042, 0x0042, 0x0042, 0x0042, 0x5F26, 0x5F26,
  0x0042, 0x0042, 0x0042, 0x0042, 0x0042, 0x0042, 0x0042, 0x0042, 0x0042, 0x0042, 0x0042, 0x0042,
  0x0042, 0x0042, 0x0042, 0x0042, 0x0042, 0x0042, 0x0042, 0x0042, 0x0042, 0x0042, 0x0042, 0x0042,
  0x5F26, 0x5F26, 0x0042, 0x0042, 0x0042, 0x0042, 0x5F26, 0x5F26, 0x0042, 0x0042, 0x0042, 0x0042,
  0x0042, 0x0042, 0x0042, 0x0042, 0x0042, 0x0042, 0x0042, 0x0042, 0x0042, 0x0042, 0x0042, 0x0042,
  0x0042, 0x0042, 0x0042, 0x0042, 0x0042, 0x0042, 0x0042, 0x0042, 0x5F26, 0x5F26, 0x0042, 0x0042,
  0x0042, 0x0042, 0x5F26, 0x5F26, 0x0042, 0x0042, 0x0042, 0x0042, 0x0042, 0x0042, 0x0042, 0x0042,
  0x0042, 0x0042, 0x0042, 0x0042, 0x0042, 0x0042, 0x0042, 0x0042, 0x0042, 0x0042, 0x0042, 0x0042,
  0x0042, 0x0042, 0x0042, 0x0042, 0x5F26, 0x5F26, 0x0042, 0x0042, 0x0042, 0x0042, 0x5F26, 0x5F26,
  0x0042, 0x0042, 0x0042, 0x0042, 0x0042, 0x0042, 0x0042, 0x0042, 0x0042, 0x0042, 0x0042, 0x0042,
  0x0042, 0x0042, 0x0042, 0x0042, 0x0042, 0x0042, 0x0042, 0x0042, 0x0042, 0x0042, 0x0042, 0x0042,
  0x5F26, 0x5F26, 0x0042, 0x0042, 0x0042, 0x0042, 0x0042, 0x0042, 0x5F26, 0x5F26, 0x0042, 0x0042,
  0x0042, 0x0042, 0x0042, 0x0042, 0x0042, 0x0042, 0x0042, 0x0042, 0x0042, 0x0042, 0x0042, 0x0042,
  0x0042, 0x0042, 0x0042, 0x0042, 0x0042, 0x0042, 0x5F26, 0x5F26, 0x0042, 0x0042, 0x0042, 0x0042,
  0x0042, 0x0042, 0x0042, 0x0042, 0x5F26, 0x5F26, 0x0042, 0x0042, 0x0042, 0x0042, 0x0042, 0x0042,
  0x0042, 0x0042, 0x0042, 0x0042, 0x0042, 0x0042, 0x0042, 0x0042, 0x0042, 0x0042, 0x0042, 0x0042,
  0x0042, 0x0042, 0x5F26, 0x5F26, 0x0042, 0x0042, 0x0042, 0x0042, 0x0042, 0x0042, 0x0042, 0x0042,
  0x5F26, 0x5F26, 0x0042, 0x0042, 0x0042, 0x0042, 0x0042, 0x0042, 0x0042, 0x0042, 0x0042, 0x0042,
  0x0042, 0x0042, 0x0042, 0x0042, 0xFFFF, 0xFFFF, 0x0042, 0x0042, 0x0042, 0x0042, 0x5F26, 0x5F26,
  0x0042, 0x0042, 0x0042, 0x0042, 0x0042, 0x0042, 0x0042, 0x0042, 0x5F26, 0x5F26, 0x0042, 0x0042,
  0x0042, 0x0042, 0x0042, 0x0042, 0x0042, 0x0042, 0x0042, 0x0042, 0x0042, 0x0042, 0x0042, 0x0042,
  0xFFFF, 0xFFFF, 0x0042, 0x0042, 0x0042, 0x0042, 0x5F26, 0x5F26, 0x0042, 0x0042, 0x0042, 0x0042,
  0x0042, 0x0042, 0x0042, 0x0042, 0x0042, 0x0042, 0x5F26, 0x5F26, 0x0042, 0x0042, 0x0042, 0x0042,
  0x0042, 0x0042, 0x0042, 0x0042, 0x0042, 0x0042, 0xFFFF, 0xFFFF, 0x0042, 0x0042, 0x0042, 0x0042,
  0x5F26, 0x5F26, 0x0042, 0x0042, 0x0042, 0x0042, 0x0042, 0x0042, 0x0042, 0x0042, 0x0042, 0x0042,
  0x0042, 0x0042, 0x5F26, 0x5F26, 0x0042, 0x0042, 0x0042, 0x0042, 0x0042, 0x0042, 0x0042, 0x0042,
  0x0042, 0x0042, 0xFFFF, 0xFFFF, 0x0042, 0x0042, 0x0042, 0x0042, 0x5F26, 0x5F26, 0x0042, 0x0042,
  0x0042, 0x0042, 0x0042, 0x0042, 0x0042, 0x0042, 0x0042, 0x0042, 0x0042, 0x0042, 0x5F26, 0x5F26,
  0x0042, 0x0042, 0x0042, 0x0042, 0x0042, 0x0042, 0x0042, 0x0042, 0x0042, 0x0042, 0x0042, 0x0042,
  0x0042, 0x0042, 0x0042, 0x0042, 0x5F26, 0x5F26, 0x0042, 0x0042, 0x0042, 0x0042, 0x0042, 0x0042,
  0x0042, 0x0042, 0x0042, 0x0042, 0x0042, 0x0042, 0x5F26, 0x5F26, 0x0042, 0x0042, 0x0042, 0x0042,
  0x0042, 0x0042, 0x0042, 0x0042, 0x0042, 0x0042, 0x0042, 0x0042, 0x0042, 0x0042, 0x0042, 0x0042,
  0x5F26, 0x5F26, 0x0042, 0x0042, 0x0042, 0x0042, 0x0042, 0x0042, 0x0042, 0x0042, 0x0042, 0x0042,
  0x0042, 0x0042, 0x0042, 0x0042, 0x5F26, 0x5F26, 0x5F26, 0x5F26, 0x0042, 0x0042, 0x0042, 0x0042,
  0x0042, 0x0042, 0x0042, 0x0042, 0x5F26, 0x5F26, 0x5F26, 0x5F26, 0x0042, 0x0042, 0x0042, 0x0042,
  0x0042, 0x0042, 0x0042, 0x0042, 0x0042, 0x0042, 0x0042, 0x0042, 0x0042, 0x0042, 0x0042, 0x0042,
  0x5F26, 0x5F26, 0x5F26, 0x5F26, 0x0042, 0x0042, 0x0042, 0x0042, 0x0042, 0x0042, 0x0042, 0x0042,
  0x5F26, 0x5F26, 0x5F26, 0x5F26, 0x0042, 0x0042, 0x0042, 0x0042, 0x0042, 0x0042, 0x0042, 0x0042,
  0x0042, 0x0042, 0x0042, 0x0042, 0x0042, 0x0042, 0x0042, 0x0042, 0x0042, 0x0042, 0x0042, 0x0042,
  0x5F26, 0x5F26, 0x5F26, 0x5F26, 0x5F26, 0x5F26, 0x5F26, 0x5F26, 0x0042, 0x0042, 0x0042, 0x0042,
  0x0042, 0x0042, 0x0042, 0x0042, 0x0042, 0x0042, 0x0042, 0x0042, 0x0042, 0x0042, 0x0042, 0x0042,
  0x0042, 0x0042, 0x0042, 0x0042, 0x0042, 0x0042, 0x0042, 0x0042, 0x5F26, 0x5F26, 0x5F26, 0x5F26,
  0x5F26, 0x5F26, 0x5F26, 0x5F26, 0x0042, 0x0042, 0x0042, 0x0042, 0x0042, 0x0042, 0x0042, 0x0042,
  0x0042, 0x0042, 0x0042, 0x0042,
};

const int BB_SPR_FOOD_WATERMELON_W = 36;
const int BB_SPR_FOOD_WATERMELON_H = 32;
const uint16_t BB_SPR_FOOD_WATERMELON[1152] PROGMEM = {
  0x0042, 0x0042, 0x0042, 0x0042, 0x0042, 0x0042, 0x0042, 0x0042, 0x0042, 0x0042, 0x0042, 0x0042,
  0x0042, 0x0042, 0x0042, 0x0042, 0x0042, 0x0042, 0x0042, 0x0042, 0x0042, 0x0042, 0x0042, 0x0042,
  0x0042, 0x0042, 0x0042, 0x0042, 0x0042, 0x0042, 0x0042, 0x0042, 0x0042, 0x0042, 0x0042, 0x0042,
  0x0042, 0x0042, 0x0042, 0x0042, 0x0042, 0x0042, 0x0042, 0x0042, 0x0042, 0x0042, 0x0042, 0x0042,
  0x0042, 0x0042, 0x0042, 0x0042, 0x0042, 0x0042, 0x0042, 0x0042, 0x0042, 0x0042, 0x0042, 0x0042,
  0x0042, 0x0042, 0x0042, 0x0042, 0x0042, 0x0042, 0x0042, 0x0042, 0x0042, 0x0042, 0x0042, 0x0042,
  0x0042, 0x0042, 0x0042, 0x0042, 0x0042, 0x0042, 0x0042, 0x0042, 0x0042, 0x0042, 0x0042, 0x0042,
  0x0042, 0x0042, 0x0042, 0x0042, 0x0042, 0x0042, 0x0042, 0x0042, 0x0042, 0x0042, 0x0042, 0x0042,
  0x0042, 0x0042, 0x0042, 0x0042, 0x0042, 0x0042, 0x0042, 0x0042, 0x0042, 0x0042, 0x0042, 0x0042,
  0x0042, 0x0042, 0x0042, 0x0042, 0x0042, 0x0042, 0x0042, 0x0042, 0x0042, 0x0042, 0x0042, 0x0042,
  0x0042, 0x0042, 0x0042, 0x0042, 0x0042, 0x0042, 0x0042, 0x0042, 0x0042, 0x0042, 0x0042, 0x0042,
  0x0042, 0x0042, 0x0042, 0x0042, 0x0042, 0x0042, 0x0042, 0x0042, 0x0042, 0x0042, 0x0042, 0x0042,
  0x0042, 0x0042, 0x0042, 0x0042, 0x0042, 0x0042, 0x0042, 0x0042, 0x0042, 0x0042, 0x0042, 0x0042,
  0x0042, 0x0042, 0x0042, 0x0042, 0x0042, 0x0042, 0x0042, 0x0042, 0x0042, 0x0042, 0x0042, 0x0042,
  0x0042, 0x0042, 0x0042, 0x0042, 0x0042, 0x0042, 0x0042, 0x0042, 0x0042, 0x0042, 0x0042, 0x0042,
  0x0042, 0x0042, 0x0042, 0x0042, 0x0042, 0x0042, 0x0042, 0x0042, 0x0042, 0x0042, 0x0042, 0x0042,
  0x0042, 0x0042, 0x0042, 0x0042, 0x0042, 0x0042, 0x0042, 0x0042, 0x0042, 0x0042, 0x0042, 0x0042,
  0x0042, 0x0042, 0x0042, 0x0042, 0x0042, 0x0042, 0x0042, 0x0042, 0x0042, 0x0042, 0x0042, 0x0042,
  0xFFFF, 0xFFFF, 0xFBAE, 0xFBAE, 0xFBAE, 0xFBAE, 0xFBAE, 0xFBAE, 0xFBAE, 0xFBAE, 0xFBAE, 0xFBAE,
  0xFBAE, 0xFBAE, 0xFBAE, 0xFBAE, 0xFBAE, 0xFBAE, 0xFBAE, 0xFBAE, 0xFBAE, 0xFBAE, 0xFBAE, 0xFBAE,
  0xFBAE, 0xFBAE, 0xFBAE, 0xFBAE, 0xFBAE, 0xFBAE, 0xFFFF, 0xFFFF, 0xFFFF, 0xFFFF, 0xFFFF, 0xFFFF,
  0xFFFF, 0xFFFF, 0xFBAE, 0xFBAE, 0xFBAE, 0xFBAE, 0xFBAE, 0xFBAE, 0xFBAE, 0xFBAE, 0xFBAE, 0xFBAE,
  0xFBAE, 0xFBAE, 0xFBAE, 0xFBAE, 0xFBAE, 0xFBAE, 0xFBAE, 0xFBAE, 0xFBAE, 0xFBAE, 0xFBAE, 0xFBAE,
  0xFBAE, 0xFBAE, 0xFBAE, 0xFBAE, 0xFBAE, 0xFBAE, 0xFFFF, 0xFFFF, 0xFFFF, 0xFFFF, 0xFFFF, 0xFFFF,
  0x07E0, 0x07E0, 0xF800, 0xF800, 0xF800, 0xF800, 0xF800, 0xF800, 0xF800, 0xF800, 0x0000, 0x0000,
  0xF800, 0xF800, 0xF800, 0xF800, 0xF800, 0xF800, 0xF800, 0xF800, 0x0000, 0x0000, 0xF800, 0xF800,
  0xF800, 0xF800, 0xF800, 0xF800, 0xF800, 0xF800, 0x07E0, 0x07E0, 0x0042, 0x0042, 0x0042, 0x0042,
  0x07E0, 0x07E0, 0xF800, 0xF800, 0xF800, 0xF800, 0xF800, 0xF800, 0xF800, 0xF800, 0x0000, 0x0000,
  0xF800, 0xF800, 0xF800, 0xF800, 0xF800, 0xF800, 0xF800, 0xF800, 0x0000, 0x0000, 0xF800, 0xF800,
  0xF800, 0xF800, 0xF800, 0xF800, 0xF800, 0xF800, 0x07E0, 0x07E0, 0x0042, 0x0042, 0x0042, 0x0042,
  0x07E0, 0x07E0, 0xF800, 0xF800, 0xF800, 0xF800, 0xF800, 0xF800, 0xF800, 0xF800, 0xF800, 0xF800,
  0xF800, 0xF800, 0xF800, 0xF800, 0xF800, 0xF800, 0xF800, 0xF800, 0xF800, 0xF800, 0xF800, 0xF800,
  0xF800, 0xF800, 0xF800, 0xF800, 0xF800, 0xF800, 0x07E0, 0x07E0, 0x0042, 0x0042, 0x0042, 0x0042,
  0x07E0, 0x07E0, 0xF800, 0xF800, 0xF800, 0xF800, 0xF800, 0xF800, 0xF800, 0xF800, 0xF800, 0xF800,
  0xF800, 0xF800, 0xF800, 0xF800, 0xF800, 0xF800, 0xF800, 0xF800, 0xF800, 0xF800, 0xF800, 0xF800,
  0xF800, 0xF800, 0xF800, 0xF800, 0xF800, 0xF800, 0x07E0, 0x07E0, 0x0042, 0x0042, 0x0042, 0x0042,
  0x07E0, 0x07E0, 0xF800, 0xF800, 0xF800, 0xF800, 0x0000, 0x0000, 0xF800, 0xF800, 0xF800, 0xF800,
  0xF800, 0xF800, 0xF800, 0xF800, 0xF800, 0xF800, 0xF800, 0xF800, 0xF800, 0xF800, 0xF800, 0xF800,
  0x0000, 0x0000, 0xF800, 0xF800, 0xF800, 0xF800, 0x07E0, 0x07E0, 0x0042, 0x0042, 0x0042, 0x0042,
  0x07E0, 0x07E0, 0xF800, 0xF800, 0xF800, 0xF800, 0x0000, 0x0000, 0xF800, 0xF800, 0xF800, 0xF800,
  0xF800, 0xF800, 0xF800, 0xF800, 0xF800, 0xF800, 0xF800, 0xF800, 0xF800, 0xF800, 0xF800, 0xF800,
  0x0000, 0x0000, 0xF800, 0xF800, 0xF800, 0xF800, 0x07E0, 0x07E0, 0x0042, 0x0042, 0x0042, 0x0042,
  0x05C0, 0x05C0, 0x07E0, 0x07E0, 0xF800, 0xF800, 0xF800, 0xF800, 0xF800, 0xF800, 0xF800, 0xF800,
  0xF800, 0xF800, 0xF800, 0xF800, 0xF800, 0xF800, 0xF800, 0xF800, 0xF800, 0xF800, 0xF800, 0xF800,
  0xF800, 0xF800, 0xF800, 0xF800, 0xF800, 0xF800, 0x07E0, 0x07E0, 0x0042, 0x0042, 0x0042, 0x0042,
  0x05C0, 0x05C0, 0x07E0, 0x07E0, 0xF800, 0xF800, 0xF800, 0xF800, 0xF800, 0xF800, 0xF800, 0xF800,
  0xF800, 0xF800, 0xF800, 0xF800, 0xF800, 0xF800, 0xF800, 0xF800, 0xF800, 0xF800, 0xF800, 0xF800,
  0xF800, 0xF800, 0xF800, 0xF800, 0xF800, 0xF800, 0x07E0, 0x07E0, 0x0042, 0x0042, 0x0042, 0x0042,
  0x05C0, 0x05C0, 0x07E0, 0x07E0, 0xF800, 0xF800, 0xF800, 0xF800, 0xF800, 0xF800, 0xF800, 0xF800,
  0x0000, 0x0000, 0xF800, 0xF800, 0xF800, 0xF800, 0x0000, 0x0000, 0xF800, 0xF800, 0xF800, 0xF800,
  0xF800, 0xF800, 0xF800, 0xF800, 0x07E0, 0x07E0, 0x05C0, 0x05C0, 0x0042, 0x0042, 0x0042, 0x0042,
  0x05C0, 0x05C0, 0x07E0, 0x07E0, 0xF800, 0xF800, 0xF800, 0xF800, 0xF800, 0xF800, 0xF800, 0xF800,
  0x0000, 0x0000, 0xF800, 0xF800, 0xF800, 0xF800, 0x0000, 0x0000, 0xF800, 0xF800, 0xF800, 0xF800,
  0xF800, 0xF800, 0xF800, 0xF800, 0x07E0, 0x07E0, 0x05C0, 0x05C0, 0x0042, 0x0042, 0x0042, 0x0042,
  0x05C0, 0x05C0, 0x07E0, 0x07E0, 0xF800, 0xF800, 0xF800, 0xF800, 0x0000, 0x0000, 0xF800, 0xF800,
  0xF800, 0xF800, 0xF800, 0xF800, 0xF800, 0xF800, 0xF800, 0xF800, 0xF800, 0xF800, 0x0000, 0x0000,
  0xF800, 0xF800, 0xF800, 0xF800, 0x07E0, 0x07E0, 0x05C0, 0x05C0, 0x0042, 0x0042, 0x0042, 0x0042,
  0x05C0, 0x05C0, 0x07E0, 0x07E0, 0xF800, 0xF800, 0xF800, 0xF800, 0x0000, 0x0000, 0xF800, 0xF800,
  0xF800, 0xF800, 0xF800, 0xF800, 0xF800, 0xF800, 0xF800, 0xF800, 0xF800, 0xF800, 0x0000, 0x0000,
  0xF800, 0xF800, 0xF800, 0xF800, 0x07E0, 0x07E0, 0x05C0, 0x05C0, 0x0042, 0x0042, 0x0042, 0x0042,
  0x0042, 0x0042, 0x05C0, 0x05C0, 0x07E0, 0x07E0, 0xF800, 0xF800, 0xF800, 0xF800, 0xF800, 0xF800,
  0xF800, 0xF800, 0xF800, 0xF800, 0xF800, 0xF800, 0xF800, 0xF800, 0xF800, 0xF800, 0xF800, 0xF800,
  0xF800, 0xF800, 0x07E0, 0x07E0, 0x05C0, 0x05C0, 0x0042, 0x0042, 0x0042, 0x0042, 0x0042, 0x0042,
  0x0042, 0x0042, 0x05C0, 0x05C0, 0x07E0, 0x07E0, 0xF800, 0xF800, 0xF800, 0xF800, 0xF800, 0xF800,
  0xF800, 0xF800, 0xF800, 0xF800, 0xF800, 0xF800, 0xF800, 0xF800, 0xF800, 0xF800, 0xF800, 0xF800,
  0xF800, 0xF800, 0x07E0, 0x07E0, 0x05C0, 0x05C0, 0x0042, 0x0042, 0x0042, 0x0042, 0x0042, 0x0042,
  0x0042, 0x0042, 0x05C0, 0x05C0, 0x07E0, 0x07E0, 0xF800, 0xF800, 0xF800, 0xF800, 0xF800, 0xF800,
  0x0000, 0x0000, 0xF800, 0xF800, 0xF800, 0xF800, 0x0000, 0x0000, 0xF800, 0xF800, 0xF800, 0xF800,
  0xF800, 0xF800, 0x07E0, 0x07E0, 0x05C0, 0x05C0, 0x0042, 0x0042, 0x0042, 0x0042, 0x0042, 0x0042,
  0x0042, 0x0042, 0x05C0, 0x05C0, 0x07E0, 0x07E0, 0xF800, 0xF800, 0xF800, 0xF800, 0xF800, 0xF800,
  0x0000, 0x0000, 0xF800, 0xF800, 0xF800, 0xF800, 0x0000, 0x0000, 0xF800, 0xF800, 0xF800, 0xF800,
  0xF800, 0xF800, 0x07E0, 0x07E0, 0x05C0, 0x05C0, 0x0042, 0x0042, 0x0042, 0x0042, 0x0042, 0x0042,
  0x0042, 0x0042, 0x0042, 0x0042, 0x05C0, 0x05C0, 0x07E0, 0x07E0, 0xF800, 0xF800, 0xF800, 0xF800,
  0xF800, 0xF800, 0xF800, 0xF800, 0xF800, 0xF800, 0xF800, 0xF800, 0xF800, 0xF800, 0xF800, 0xF800,
  0x07E0, 0x07E0, 0x05C0, 0x05C0, 0x0042, 0x0042, 0x0042, 0x0042, 0x0042, 0x0042, 0x0042, 0x0042,
  0x0042, 0x0042, 0x0042, 0x0042, 0x05C0, 0x05C0, 0x07E0, 0x07E0, 0xF800, 0xF800, 0xF800, 0xF800,
  0xF800, 0xF800, 0xF800, 0xF800, 0xF800, 0xF800, 0xF800, 0xF800, 0xF800, 0xF800, 0xF800, 0xF800,
  0x07E0, 0x07E0, 0x05C0, 0x05C0, 0x0042, 0x0042, 0x0042, 0x0042, 0x0042, 0x0042, 0x0042, 0x0042,
  0x0042, 0x0042, 0x0042, 0x0042, 0x0042, 0x0042, 0x05C0, 0x05C0, 0x07E0, 0x07E0, 0x07E0, 0x07E0,
  0xF800, 0xF800, 0xF800, 0xF800, 0xF800, 0xF800, 0xF800, 0xF800, 0x07E0, 0x07E0, 0x07E0, 0x07E0,
  0x05C0, 0x05C0, 0x0042, 0x0042, 0x0042, 0x0042, 0x0042, 0x0042, 0x0042, 0x0042, 0x0042, 0x0042,
  0x0042, 0x0042, 0x0042, 0x0042, 0x0042, 0x0042, 0x05C0, 0x05C0, 0x07E0, 0x07E0, 0x07E0, 0x07E0,
  0xF800, 0xF800, 0xF800, 0xF800, 0xF800, 0xF800, 0xF800, 0xF800, 0x07E0, 0x07E0, 0x07E0, 0x07E0,
  0x05C0, 0x05C0, 0x0042, 0x0042, 0x0042, 0x0042, 0x0042, 0x0042, 0x0042, 0x0042, 0x0042, 0x0042,
  0x0042, 0x0042, 0x0042, 0x0042, 0x0042, 0x0042, 0x0042, 0x0042, 0x05C0, 0x05C0, 0x05C0, 0x05C0,
  0x07E0, 0x07E0, 0x07E0, 0x07E0, 0x07E0, 0x07E0, 0x07E0, 0x07E0, 0x05C0, 0x05C0, 0x05C0, 0x05C0,
  0x0042, 0x0042, 0x0042, 0x0042, 0x0042, 0x0042, 0x0042, 0x0042, 0x0042, 0x0042, 0x0042, 0x0042,
  0x0042, 0x0042, 0x0042, 0x0042, 0x0042, 0x0042, 0x0042, 0x0042, 0x05C0, 0x05C0, 0x05C0, 0x05C0,
  0x07E0, 0x07E0, 0x07E0, 0x07E0, 0x07E0, 0x07E0, 0x07E0, 0x07E0, 0x05C0, 0x05C0, 0x05C0, 0x05C0,
  0x0042, 0x0042, 0x0042, 0x0042, 0x0042, 0x0042, 0x0042, 0x0042, 0x0042, 0x0042, 0x0042, 0x0042,
  0x0042, 0x0042, 0x0042, 0x0042, 0x0042, 0x0042, 0x0042, 0x0042, 0x0042, 0x0042, 0x0042, 0x0042,
  0x05C0, 0x05C0, 0x05C0, 0x05C0, 0x05C0, 0x05C0, 0x05C0, 0x05C0, 0x0042, 0x0042, 0x0042, 0x0042,
  0x0042, 0x0042, 0x0042, 0x0042, 0x0042, 0x0042, 0x0042, 0x0042, 0x0042, 0x0042, 0x0042, 0x0042,
  0x0042, 0x0042, 0x0042, 0x0042, 0x0042, 0x0042, 0x0042, 0x0042, 0x0042, 0x0042, 0x0042, 0x0042,
  0x05C0, 0x05C0, 0x05C0, 0x05C0, 0x05C0, 0x05C0, 0x05C0, 0x05C0, 0x0042, 0x0042, 0x0042, 0x0042,
  0x0042, 0x0042, 0x0042, 0x0042, 0x0042, 0x0042, 0x0042, 0x0042, 0x0042, 0x0042, 0x0042, 0x0042,
};

const int BB_SPR_FOOD_FRIES_W = 32;
const int BB_SPR_FOOD_FRIES_H = 32;
const uint16_t BB_SPR_FOOD_FRIES[1024] PROGMEM = {
  0x0042, 0x0042, 0x0042, 0x0042, 0x0042, 0x0042, 0x0042, 0x0042, 0x0042, 0x0042, 0x0042, 0x0042,
  0x0042, 0x0042, 0x0042, 0x0042, 0x0042, 0x0042, 0x0042, 0x0042, 0x0042, 0x0042, 0x0042, 0x0042,
  0x0042, 0x0042, 0x0042, 0x0042, 0x0042, 0x0042, 0x0042, 0x0042, 0x0042, 0x0042, 0x0042, 0x0042,
  0x0042, 0x0042, 0x0042, 0x0042, 0x0042, 0x0042, 0x0042, 0x0042, 0x0042, 0x0042, 0x0042, 0x0042,
  0x0042, 0x0042, 0x0042, 0x0042, 0x0042, 0x0042, 0x0042, 0x0042, 0x0042, 0x0042, 0x0042, 0x0042,
  0x0042, 0x0042, 0x0042, 0x0042, 0x0042, 0x0042, 0x0042, 0x0042, 0x0042, 0x0042, 0x0042, 0x0042,
  0xFDC0, 0xFDC0, 0x0042, 0x0042, 0xFDC0, 0xFDC0, 0xFDC0, 0xFDC0, 0x0042, 0x0042, 0xFDC0, 0xFDC0,
  0x0042, 0x0042, 0xFDC0, 0xFDC0, 0x0042, 0x0042, 0x0042, 0x0042, 0x0042, 0x0042, 0x0042, 0x0042,
  0x0042, 0x0042, 0x0042, 0x0042, 0x0042, 0x0042, 0x0042, 0x0042, 0xFDC0, 0xFDC0, 0x0042, 0x0042,
  0xFDC0, 0xFDC0, 0xFDC0, 0xFDC0, 0x0042, 0x0042, 0xFDC0, 0xFDC0, 0x0042, 0x0042, 0xFDC0, 0xFDC0,
  0x0042, 0x0042, 0x0042, 0x0042, 0x0042, 0x0042, 0x0042, 0x0042, 0x0042, 0x0042, 0x0042, 0x0042,
  0xFC40, 0xFC40, 0x0042, 0x0042, 0xFDC0, 0xFDC0, 0x0042, 0x0042, 0xFDC0, 0xFDC0, 0x0042, 0x0042,
  0xFDC0, 0xFDC0, 0x0042, 0x0042, 0xFDC0, 0xFDC0, 0x0042, 0x0042, 0xFDC0, 0xFDC0, 0x0042, 0x0042,
  0x0042, 0x0042, 0x0042, 0x0042, 0x0042, 0x0042, 0x0042, 0x0042, 0xFC40, 0xFC40, 0x0042, 0x0042,
  0xFDC0, 0xFDC0, 0x0042, 0x0042, 0xFDC0, 0xFDC0, 0x0042, 0x0042, 0xFDC0, 0xFDC0, 0x0042, 0x0042,
  0xFDC0, 0xFDC0, 0x0042, 0x0042, 0xFDC0, 0xFDC0, 0x0042, 0x0042, 0x0042, 0x0042, 0x0042, 0x0042,
  0x0042, 0x0042, 0x0042, 0x0042, 0x0042, 0x0042, 0xFDC0, 0xFDC0, 0x0042, 0x0042, 0xFDC0, 0xFDC0,
  0xFC40, 0xFC40, 0xFC40, 0xFC40, 0xFDC0, 0xFDC0, 0x0042, 0x0042, 0xFDC0, 0xFDC0, 0xFDC0, 0xFDC0,
  0x0042, 0x0042, 0x0042, 0x0042, 0x0042, 0x0042, 0x0042, 0x0042, 0x0042, 0x0042, 0x0042, 0x0042,
  0x0042, 0x0042, 0xFDC0, 0xFDC0, 0x0042, 0x0042, 0xFDC0, 0xFDC0, 0xFC40, 0xFC40, 0xFC40, 0xFC40,
  0xFDC0, 0xFDC0, 0x0042, 0x0042, 0xFDC0, 0xFDC0, 0xFDC0, 0xFDC0, 0x0042, 0x0042, 0x0042, 0x0042,
  0x0042, 0x0042, 0x0042, 0x0042, 0x0042, 0x0042, 0x0042, 0x0042, 0xFDC0, 0xFDC0, 0xFDC0, 0xFDC0,
  0x0042, 0x0042, 0xFDC0, 0xFDC0, 0xFC40, 0xFC40, 0xFDC0, 0xFDC0, 0x0042, 0x0042, 0xFDC0, 0xFDC0,
  0x0042, 0x0042, 0xFDC0, 0xFDC0, 0x0042, 0x0042, 0xFDC0, 0xFDC0, 0x0042, 0x0042, 0x0042, 0x0042,
  0x0042, 0x0042, 0x0042, 0x0042, 0xFDC0, 0xFDC0, 0xFDC0, 0xFDC0, 0x0042, 0x0042, 0xFDC0, 0xFDC0,
  0xFC40, 0xFC40, 0xFDC0, 0xFDC0, 0x0042, 0x0042, 0xFDC0, 0xFDC0, 0x0042, 0x0042, 0xFDC0, 0xFDC0,
  0x0042, 0x0042, 0xFDC0, 0xFDC0, 0x0042, 0x0042, 0x0042, 0x0042, 0x0042, 0x0042, 0x0042, 0x0042,
  0x0042, 0x0042, 0xFDC0, 0xFDC0, 0xFDC0, 0xFDC0, 0xFC40, 0xFC40, 0xFC40, 0xFC40, 0xFDC0, 0xFDC0,
  0xFC40, 0xFC40, 0xFDC0, 0xFDC0, 0xFDC0, 0xFDC0, 0x0042, 0x0042, 0x0042, 0x0042, 0xFDC0, 0xFDC0,
  0x0042, 0x0042, 0x0042, 0x0042, 0x0042, 0x0042, 0x0042, 0x0042, 0x0042, 0x0042, 0xFDC0, 0xFDC0,
  0xFDC0, 0xFDC0, 0xFC40, 0xFC40, 0xFC40, 0xFC40, 0xFDC0, 0xFDC0, 0xFC40, 0xFC40, 0xFDC0, 0xFDC0,
  0xFDC0, 0xFDC0, 0x0042, 0x0042, 0x0042, 0x0042, 0xFDC0, 0xFDC0, 0x0042, 0x0042, 0x0042, 0x0042,
  0x0042, 0x0042, 0x0042, 0x0042, 0x0042, 0x0042, 0xFC40, 0xFC40, 0xFDC0, 0xFDC0, 0xF800, 0xF800,
  0xF800, 0xF800, 0xF800, 0xF800, 0xF800, 0xF800, 0xF800, 0xF800, 0xFDC0, 0xFDC0, 0xFC40, 0xFC40,
  0xFDC0, 0xFDC0, 0x0042, 0x0042, 0x0042, 0x0042, 0x0042, 0x0042, 0x0042, 0x0042, 0x0042, 0x0042,
  0x0042, 0x0042, 0xFC40, 0xFC40, 0xFDC0, 0xFDC0, 0xF800, 0xF800, 0xF800, 0xF800, 0xF800, 0xF800,
  0xF800, 0xF800, 0xF800, 0xF800, 0xFDC0, 0xFDC0, 0xFC40, 0xFC40, 0xFDC0, 0xFDC0, 0x0042, 0x0042,
  0x0042, 0x0042, 0x0042, 0x0042, 0x0042, 0x0042, 0x0042, 0x0042, 0xA800, 0xA800, 0xF800, 0xF800,
  0xF800, 0xF800, 0xF800, 0xF800, 0xF800, 0xF800, 0xF800, 0xF800, 0xF800, 0xF800, 0xF800, 0xF800,
  0xF800, 0xF800, 0xF800, 0xF800, 0xA800, 0xA800, 0x0042, 0x0042, 0x0042, 0x0042, 0x0042, 0x0042,
  0x0042, 0x0042, 0x0042, 0x0042, 0xA800, 0xA800, 0xF800, 0xF800, 0xF800, 0xF800, 0xF800, 0xF800,
  0xF800, 0xF800, 0xF800, 0xF800, 0xF800, 0xF800, 0xF800, 0xF800, 0xF800, 0xF800, 0xF800, 0xF800,
  0xA800, 0xA800, 0x0042, 0x0042, 0x0042, 0x0042, 0x0042, 0x0042, 0x0042, 0x0042, 0x0042, 0x0042,
  0x0042, 0x0042, 0xF800, 0xF800, 0xF800, 0xF800, 0xF800, 0xF800, 0xF800, 0xF800, 0xF800, 0xF800,
  0xF800, 0xF800, 0xF800, 0xF800, 0xF800, 0xF800, 0xF800, 0xF800, 0x0042, 0x0042, 0x0042, 0x0042,
  0x0042, 0x0042, 0x0042, 0x0042, 0x0042, 0x0042, 0x0042, 0x0042, 0x0042, 0x0042, 0xF800, 0xF800,
  0xF800, 0xF800, 0xF800, 0xF800, 0xF800, 0xF800, 0xF800, 0xF800, 0xF800, 0xF800, 0xF800, 0xF800,
  0xF800, 0xF800, 0xF800, 0xF800, 0x0042, 0x0042, 0x0042, 0x0042, 0x0042, 0x0042, 0x0042, 0x0042,
  0x0042, 0x0042, 0x0042, 0x0042, 0x0042, 0x0042, 0xF800, 0xF800, 0xF800, 0xF800, 0xCFE0, 0xCFE0,
  0xF800, 0xF800, 0xCFE0, 0xCFE0, 0xF800, 0xF800, 0xCFE0, 0xCFE0, 0xF800, 0xF800, 0xF800, 0xF800,
  0x0042, 0x0042, 0x0042, 0x0042, 0x0042, 0x0042, 0x0042, 0x0042, 0x0042, 0x0042, 0x0042, 0x0042,
  0x0042, 0x0042, 0xF800, 0xF800, 0xF800, 0xF800, 0xCFE0, 0xCFE0, 0xF800, 0xF800, 0xCFE0, 0xCFE0,
  0xF800, 0xF800, 0xCFE0, 0xCFE0, 0xF800, 0xF800, 0xF800, 0xF800, 0x0042, 0x0042, 0x0042, 0x0042,
  0x0042, 0x0042, 0x0042, 0x0042, 0x0042, 0x0042, 0x0042, 0x0042, 0x0042, 0x0042, 0xA800, 0xA800,
  0xF800, 0xF800, 0xCFE0, 0xCFE0, 0xF800, 0xF800, 0xCFE0, 0xCFE0, 0xF800, 0xF800, 0xCFE0, 0xCFE0,
  0xF800, 0xF800, 0xA800, 0xA800, 0x0042, 0x0042, 0x0042, 0x0042, 0x0042, 0x0042, 0x0042, 0x0042,
  0x0042, 0x0042, 0x0042, 0x0042, 0x0042, 0x0042, 0xA800, 0xA800, 0xF800, 0xF800, 0xCFE0, 0xCFE0,
  0xF800, 0xF800, 0xCFE0, 0xCFE0, 0xF800, 0xF800, 0xCFE0, 0xCFE0, 0xF800, 0xF800, 0xA800, 0xA800,
  0x0042, 0x0042, 0x0042, 0x0042, 0x0042, 0x0042, 0x0042, 0x0042, 0x0042, 0x0042, 0x0042, 0x0042,
  0x0042, 0x0042, 0xA800, 0xA800, 0xF800, 0xF800, 0xCFE0, 0xCFE0, 0xF800, 0xF800, 0xCFE0, 0xCFE0,
  0xF800, 0xF800, 0xCFE0, 0xCFE0, 0xF800, 0xF800, 0xA800, 0xA800, 0x0042, 0x0042, 0x0042, 0x0042,
  0x0042, 0x0042, 0x0042, 0x0042, 0x0042, 0x0042, 0x0042, 0x0042, 0x0042, 0x0042, 0xA800, 0xA800,
  0xF800, 0xF800, 0xCFE0, 0xCFE0, 0xF800, 0xF800, 0xCFE0, 0xCFE0, 0xF800, 0xF800, 0xCFE0, 0xCFE0,
  0xF800, 0xF800, 0xA800, 0xA800, 0x0042, 0x0042, 0x0042, 0x0042, 0x0042, 0x0042, 0x0042, 0x0042,
  0x0042, 0x0042, 0x0042, 0x0042, 0x0042, 0x0042, 0x0042, 0x0042, 0xF800, 0xF800, 0xF800, 0xF800,
  0xCFE0, 0xCFE0, 0xF800, 0xF800, 0xCFE0, 0xCFE0, 0xF800, 0xF800, 0xF800, 0xF800, 0x0042, 0x0042,
  0x0042, 0x0042, 0x0042, 0x0042, 0x0042, 0x0042, 0x0042, 0x0042, 0x0042, 0x0042, 0x0042, 0x0042,
  0x0042, 0x0042, 0x0042, 0x0042, 0xF800, 0xF800, 0xF800, 0xF800, 0xCFE0, 0xCFE0, 0xF800, 0xF800,
  0xCFE0, 0xCFE0, 0xF800, 0xF800, 0xF800, 0xF800, 0x0042, 0x0042, 0x0042, 0x0042, 0x0042, 0x0042,
  0x0042, 0x0042, 0x0042, 0x0042, 0x0042, 0x0042, 0x0042, 0x0042, 0x0042, 0x0042, 0x0042, 0x0042,
  0xF800, 0xF800, 0xF800, 0xF800, 0xF800, 0xF800, 0xF800, 0xF800, 0xF800, 0xF800, 0xF800, 0xF800,
  0xF800, 0xF800, 0x0042, 0x0042, 0x0042, 0x0042, 0x0042, 0x0042, 0x0042, 0x0042, 0x0042, 0x0042,
  0x0042, 0x0042, 0x0042, 0x0042, 0x0042, 0x0042, 0x0042, 0x0042, 0xF800, 0xF800, 0xF800, 0xF800,
  0xF800, 0xF800, 0xF800, 0xF800, 0xF800, 0xF800, 0xF800, 0xF800, 0xF800, 0xF800, 0x0042, 0x0042,
  0x0042, 0x0042, 0x0042, 0x0042, 0x0042, 0x0042, 0x0042, 0x0042, 0x0042, 0x0042, 0x0042, 0x0042,
  0x0042, 0x0042, 0x0042, 0x0042, 0xA800, 0xA800, 0xF800, 0xF800, 0xF800, 0xF800, 0xF800, 0xF800,
  0xF800, 0xF800, 0xF800, 0xF800, 0xA800, 0xA800, 0x0042, 0x0042, 0x0042, 0x0042, 0x0042, 0x0042,
  0x0042, 0x0042, 0x0042, 0x0042, 0x0042, 0x0042, 0x0042, 0x0042, 0x0042, 0x0042, 0x0042, 0x0042,
  0xA800, 0xA800, 0xF800, 0xF800, 0xF800, 0xF800, 0xF800, 0xF800, 0xF800, 0xF800, 0xF800, 0xF800,
  0xA800, 0xA800, 0x0042, 0x0042, 0x0042, 0x0042, 0x0042, 0x0042, 0x0042, 0x0042, 0x0042, 0x0042,
  0x0042, 0x0042, 0x0042, 0x0042, 0x0042, 0x0042, 0x0042, 0x0042, 0xA800, 0xA800, 0xF800, 0xF800,
  0xF800, 0xF800, 0xF800, 0xF800, 0xF800, 0xF800, 0xF800, 0xF800, 0xA800, 0xA800, 0x0042, 0x0042,
  0x0042, 0x0042, 0x0042, 0x0042, 0x0042, 0x0042, 0x0042, 0x0042, 0x0042, 0x0042, 0x0042, 0x0042,
  0x0042, 0x0042, 0x0042, 0x0042, 0xA800, 0xA800, 0xF800, 0xF800, 0xF800, 0xF800, 0xF800, 0xF800,
  0xF800, 0xF800, 0xF800, 0xF800, 0xA800, 0xA800, 0x0042, 0x0042, 0x0042, 0x0042, 0x0042, 0x0042,
  0x0042, 0x0042, 0x0042, 0x0042,
};

const int BB_SPR_PLATFORM_W = 16;
const int BB_SPR_PLATFORM_H = 8;
const uint16_t BB_SPR_PLATFORM[128] PROGMEM = {
  0xE754, 0xE754, 0xE754, 0xE754, 0xE754, 0xE754, 0xE754, 0xE754, 0xE754, 0xE754, 0xE754, 0xE754,
  0xE754, 0xE754, 0xE754, 0xE754, 0xB650, 0xB650, 0xB650, 0xB650, 0xB650, 0xB650, 0xB650, 0xB650,
  0xB650, 0xB650, 0xB650, 0xB650, 0xB650, 0xB650, 0xB650, 0xB650, 0x1AE3, 0x1AE3, 0x1AE3, 0x2B64,
  0x3C25, 0x1AE3, 0x1AE3, 0x1AE3, 0x1AE3, 0x1AE3, 0x1AE3, 0x2B64, 0x3C25, 0x1AE3, 0x1AE3, 0x1AE3,
  0x1AE3, 0x2B64, 0x6586, 0x8F07, 0xAFEB, 0x8EA9, 0x3C25, 0x1AE3, 0x1AE3, 0x2B64, 0x6586, 0x8F07,
  0xAFEB, 0x8EA9, 0x3C25, 0x1AE3, 0x1AE3, 0x5D45, 0x8F07, 0x8F07, 0x9748, 0x9748, 0x7E47, 0x2344,
  0x1AE3, 0x5D45, 0x8F07, 0x8F07, 0x9748, 0x9748, 0x7E47, 0x2344, 0x1AE3, 0x1AE3, 0x4485, 0x8F07,
  0x8F07, 0x6586, 0x1AE3, 0x1AE3, 0x1AE3, 0x1AE3, 0x4485, 0x8F07, 0x8F07, 0x6586, 0x1AE3, 0x1AE3,
  0x1AE3, 0x1AE3, 0x1AE3, 0x2BC4, 0x4485, 0x1AE3, 0x1AE3, 0x1AE3, 0x1AE3, 0x1AE3, 0x1AE3, 0x2BC4,
  0x4485, 0x1AE3, 0x1AE3, 0x1AE3, 0x1AE3, 0x1AE3, 0x1AE3, 0x1AE3, 0x1AE3, 0x1AE3, 0x1AE3, 0x1AE3,
  0x1AE3, 0x1AE3, 0x1AE3, 0x1AE3, 0x1AE3, 0x1AE3, 0x1AE3, 0x1AE3,
};

const int BB_SPR_WALL_W = 16;
const int BB_SPR_WALL_H = 16;
const uint16_t BB_SPR_WALL[256] PROGMEM = {
  0x2365, 0x2365, 0x2365, 0x2365, 0x2365, 0x2365, 0x2365, 0x2365, 0xB5EF, 0xE6B2, 0xE6B2, 0xE6B2,
  0xE6B2, 0xE6B2, 0xE6B2, 0xE6B2, 0x2365, 0x2365, 0x2BA6, 0x3C07, 0x3C07, 0x2BA6, 0x2365, 0x2365,
  0xB5EF, 0xE6B2, 0xE6B2, 0xE6B2, 0xE6B2, 0xE6B2, 0xE6B2, 0xE6B2, 0x2365, 0x2BA6, 0x4468, 0x4468,
  0x4468, 0x4468, 0x2BA6, 0x2365, 0xB5EF, 0xE6B2, 0xE6B2, 0xE6B2, 0xE6B2, 0xE6B2, 0xE6B2, 0xE6B2,
  0x2365, 0x3C07, 0x4468, 0x4468, 0x4468, 0x4468, 0x3C07, 0x2365, 0xB5EF, 0xE6B2, 0xE6B2, 0xE6B2,
  0xE6B2, 0xE6B2, 0xE6B2, 0xE6B2, 0x2365, 0x3C07, 0x4468, 0x4468, 0x4468, 0x4468, 0x3C07, 0x2365,
  0xB5EF, 0xE6B2, 0xE6B2, 0xE6B2, 0xE6B2, 0xE6B2, 0xE6B2, 0xE6B2, 0x2365, 0x2BA6, 0x4468, 0x4468,
  0x4468, 0x4468, 0x2BA6, 0x2365, 0xB5EF, 0xE6B2, 0xE6B2, 0xE6B2, 0xE6B2, 0xE6B2, 0xE6B2, 0xE6B2,
  0x2365, 0x2365, 0x2BA6, 0x3C07, 0x3C07, 0x2BA6, 0x2365, 0x2365, 0xB5EF, 0xE6B2, 0xE6B2, 0xE6B2,
  0xE6B2, 0xE6B2, 0xE6B2, 0xE6B2, 0x2365, 0x2365, 0x2365, 0x2365, 0x2365, 0x2365, 0x2365, 0x2365,
  0xB5EF, 0xE6B2, 0xE6B2, 0xE6B2, 0xE6B2, 0xE6B2, 0xE6B2, 0xE6B2, 0xB5EF, 0xB5EF, 0xB5EF, 0xB5EF,
  0xB5EF, 0xB5EF, 0xB5EF, 0xB5EF, 0x2365, 0x2365, 0x2365, 0x2365, 0x2365, 0x2365, 0x2365, 0x2365,
  0xE6B2, 0xE6B2, 0xE6B2, 0xE6B2, 0xE6B2, 0xE6B2, 0xE6B2, 0xE6B2, 0x2365, 0x2365, 0x2BA6, 0x3C07,
  0x3C07, 0x2BA6, 0x2365, 0x2365, 0xE6B2, 0xE6B2, 0xE6B2, 0xE6B2, 0xE6B2, 0xE6B2, 0xE6B2, 0xE6B2,
  0x2365, 0x2BA6, 0x4468, 0x4468, 0x4468, 0x4468, 0x2BA6, 0x2365, 0xE6B2, 0xE6B2, 0xE6B2, 0xE6B2,
  0xE6B2, 0xE6B2, 0xE6B2, 0xE6B2, 0x2365, 0x3C07, 0x4468, 0x4468, 0x4468, 0x4468, 0x3C07, 0x2365,
  0xE6B2, 0xE6B2, 0xE6B2, 0xE6B2, 0xE6B2, 0xE6B2, 0xE6B2, 0xE6B2, 0x2365, 0x3C07, 0x4468, 0x4468,
  0x4468, 0x4468, 0x3C07, 0x2365, 0xE6B2, 0xE6B2, 0xE6B2, 0xE6B2, 0xE6B2, 0xE6B2, 0xE6B2, 0xE6B2,
  0x2365, 0x2BA6, 0x4468, 0x4468, 0x4468, 0x4468, 0x2BA6, 0x2365, 0xE6B2, 0xE6B2, 0xE6B2, 0xE6B2,
  0xE6B2, 0xE6B2, 0xE6B2, 0xE6B2, 0x2365, 0x2365, 0x2BA6, 0x3C07, 0x3C07, 0x2BA6, 0x2365, 0x2365,
  0xE6B2, 0xE6B2, 0xE6B2, 0xE6B2, 0xE6B2, 0xE6B2, 0xE6B2, 0xE6B2, 0x2365, 0x2365, 0x2365, 0x2365,
  0x2365, 0x2365, 0x2365, 0x2365,
};
